角色名,score_01,score_02,score_03,score_04,score_05,score_06,score_07,score_08,score_09,score_10,score_11,score_12,score_13,score_14,score_15,score_16,score_17,score_18,score_19,score_20,score_21
古明地恋,,,,,,0.18616804303822798,0.4398835487105361,0.5836027494666983,0.6134841296514855,0.9238808685154868,1.0,0.9175163664203241,0.9257342916167823,0.9299025399349095,0.8948443371209984,0.924744688108184,0.8746647539449884,0.7854658542079902,0.8622621420186192,0.8492143095954531,1.0
雾雨魔理沙,0.8253676470588235,0.8514616802739005,1.0,1.0,0.9452331808546246,0.9140159007473198,0.9238994895076778,0.86,0.8605316429972723,0.959683153908485,0.9188436922353646,0.9517928847085293,0.9596871353090691,0.9623423795364607,0.9611435212872795,0.8891715655785397,0.9551238071477578,0.9540574398760433,1.0,0.9443811231674822,0.9478683604554176
博丽灵梦,0.6507352941176471,0.7113510666315512,0.5463853871880627,0.9258604969227262,1.0,1.0,1.0,1.0,1.0,1.0,0.9580141252898249,1.0,1.0,1.0,1.0,0.960510423145603,0.9141804749925501,0.9085132335891956,0.9519178792759835,1.0,0.8959909021929254
芙兰朵露·斯卡蕾特,0.27941176470588236,0.10534632604687912,0.17736043220993053,0.35502621381354,0.5985858529510208,0.6057445875118332,0.7040773220275147,0.738160701588054,0.8291582970541569,0.8582240523005518,0.8468923293906465,0.8515569582675812,0.828857273424252,0.8389734850647611,0.8326017535347152,0.8545574928271905,0.8376473523358074,1.0,0.9068797946981899,0.8930934216791789,0.8443864534556416
十六夜咲夜,1.0,1.0,0.7897607409313095,0.8549122407111922,0.8386700881401317,0.9558304022904465,0.8894628887859648,0.9612467409338706,0.9263421992606082,0.8904598898645631,0.8802342105544336,0.8834148399293783,0.8601361890482251,0.8676493194485315,0.803139210796538,0.787179229951245,0.8018357970020167,0.8233424359474503,0.7860902563542548,0.771410190166459,0.7993549443907839
蕾米莉亚·斯卡蕾特,0.22058823529411764,0.2936528838556755,0.4235657319269359,0.42933667654433555,0.7946836996541337,0.831702980812893,0.8550415570270311,0.8928039819862527,0.8925967032194024,0.7983000115757967,0.7859089014969388,0.7905816914832118,0.7978804965650599,0.8104381969668355,0.8633675991017931,0.8204610661904858,0.7671330658295045,0.7493392820839675,0.7501269485926452,0.7348434191463279,0.7620674917202801
魂魄妖梦,,0.5657097708717409,0.8824800617442758,0.5216548894460907,0.5292591766149727,0.5234316675774064,0.6231111020628368,0.6328134629059019,0.7700968399990621,0.7702479976627915,0.8149875522219017,0.8207959001921785,0.8922195491334283,0.8981127269053903,0.9275735999368095,1.0,1.0,0.8654388210924235,0.8236315487728303,0.807997223995218,0.7250925878855318
古明地觉,,,,,,0.577621968583325,0.7596156293103009,0.7671391324958521,0.7151973925888873,0.7432598545859448,0.7291887040420554,0.7621736481102448,0.7694303551263506,0.7827505786554112,0.7742577944279573,0.7556670211271844,0.711445837404797,0.6896988444991456,0.6919135111523657,0.6999280670293709,0.6903827216978556
藤原妹红,,,0.262464625675328,0.2355824025529975,0.6340650451857637,0.7592337471427142,0.731770130855011,0.6832614363593269,0.661247586816004,0.6655697221257573,0.7574499684798752,0.6863022045841601,0.6943262116708652,0.7365503792553683,0.7057074508299387,0.7312293092032663,0.7342772199006217,0.713676998225265,0.715796227033225,0.6747996514796916,0.6649570621915698
琪露诺,0.5367647058823529,0.08085330524097972,0.06411113969642397,0.21466833827216777,0.43968258395626464,0.45574959016708866,0.4231742137756582,0.42657501777672435,0.41745542937089175,0.36061362746881426,0.29446207434475535,0.33280939955939565,0.3542123808912338,0.41995230210424145,0.4981042867943264,0.49041150859733956,0.545849879068865,0.577511414897884,0.577837232793688,0.6510491069167097,0.641111092282868
射命丸文,,,,0.5721449737861865,0.8913031351110119,0.6345137034272037,0.5132712734823923,0.7099028205735957,0.7426158523717593,0.7163433712027253,0.6753961385175925,0.710129212693155,0.7187843446799028,0.7139575638058178,0.7499689689802642,0.7085291226098995,0.6689640117258155,0.6307177511964351,0.6122989980616451,0.591402996869396,0.6176755780741343
西行寺幽幽子,,0.17118777982617855,0.6999228196552612,0.7885229085935719,0.7516874930268883,0.6650914716272484,0.6767713269237621,0.6579047167575255,0.6372955144087602,0.62246917255103,0.5898430404632924,0.5900910894801806,0.63303358650044,0.5830167381842298,0.628536125748976,0.6492405850604923,0.6895985363521071,0.66881960889895,0.6683556744655874,0.6303835749673262,0.5985969193228611
东风谷早苗,,,,,0.49900981814124734,0.8726093080173323,0.9606518829175934,0.8280018961839298,0.6881345599212149,0.6907773974301732,0.6506074302016219,0.662759558145712,0.6705403374134655,0.6520293566054558,0.6655194592703761,0.6682490319215104,0.6294378954517419,0.5945032665014643,0.6301400529634988,0.5730778193165355,0.5804992120380256
爱丽丝·玛格特洛依德,0.16911764705882354,0.38530418751646034,0.338564445587857,0.726293594711648,0.669962624121388,0.7272013607222295,0.8207016597362541,0.7973500829580469,0.9625497291762738,0.8279726370216026,0.7018142770138154,0.7346093151883506,0.7435710535956401,0.7591607629906493,0.7277564008530709,0.6873056319094721,0.6488700388781472,0.6496986247177182,0.6486335963307761,0.6101891533185415,0.5627517100751812
铃仙·优昙华院·因幡,,,0.6226395677900695,0.6229199908821518,0.29302409907397076,0.30935650460629105,0.2897285687383256,0.4114245081772932,0.3896109986478354,0.46835122069531954,0.5708828840379951,0.572685655359905,0.6513092050351426,0.6153511680713976,0.6112603107615576,0.6310186392728878,0.6112081332252229,0.6125665525634756,0.5947473313494772,0.5559506803237997,0.545183076421956
八云紫,,0.13405319989465367,0.29951119114998714,0.6739229541828129,0.7102253709695414,0.7936443189077279,0.64992849035765,0.6081583313581418,0.5906145705509485,0.5819483719468836,0.5536857176437905,0.5558708185553802,0.5816095687346806,0.67157846655218,0.6841380711118132,0.613936317489617,0.5768068636215583,0.5614398980214177,0.5615086406945317,0.5395099439733342,0.5289738419218364
红美铃,0.09375,0.33684487753489595,0.23112940571134552,0.3285274675176658,0.33539272564989403,0.3782007373144207,0.4744219425174448,0.44292960417160465,0.4775837677715858,0.4818287553813674,0.4634633672041115,0.4701623361404934,0.4792336250231325,0.5261833338457417,0.5244016655194593,0.4782929716498465,0.4544377221979667,0.47625261677261965,0.4673291654153813,0.5102428497614054,0.5150861297981424
帕秋莉·诺蕾姬,0.4430147058823529,0.43666052146431394,0.20375611011062517,0.4716776840665603,0.5637621332143256,0.5499842223949635,0.5559174865251404,0.53826973216402,0.5486153990448872,0.5434119936277996,0.5204026028143732,0.5254534943674515,0.5342417638861088,0.5394561737152093,0.551522776768486,0.5675768945245881,0.531206469988981,0.5179369117412733,0.5323213846951869,0.5243229689067201,0.501313269957467
露米娅,0.05514705882352941,0.05425335791414274,0.1015693336763571,0.10873033963984499,0.10653520026776749,0.15368926584110026,0.21594385093420604,0.2427162834794975,0.29128596328052336,0.3495559855137173,0.3873930185594769,0.45676921394309644,0.4927127906669336,0.5011880553225317,0.48533079067038287,0.5026664794045064,0.503672980034235,0.5467639932087539,0.5185044636763221,0.47036564238169054,0.4877268097236579
秦心,,,,,,,,,,0.601974500173637,0.6088673056169931,0.6077183882005531,0.5984877954822702,0.5990302306276709,0.5957617269044583,0.5825003511165506,0.5609680034927961,0.48989554887664216,0.4920718556335144,0.4968136733432621,0.47443030443386297
比那名居天子,,,,,,0.4357081835743587,0.49252584271950406,0.4795401753970135,0.5299469294920395,0.5625285949738993,0.6283990982038872,0.6434198396950143,0.6156266169144834,0.6920938322140872,0.6469629094684104,0.5976083946951305,0.593019951904752,0.5322227045203545,0.5463512517404242,0.4835541979473775,0.46176077963989104
多多良小伞,,,,,,,0.4567099456933891,0.2780137473334913,0.30264258302525343,0.40636007342362457,0.5053210244574798,0.4973766854678687,0.5496055200752326,0.5531374762279133,0.5657970458469211,0.5404105054071949,0.5169026383084887,0.44027439711207206,0.47934969559638535,0.4448699634256304,0.4491985758316906
洩矢诹访子,,,,,0.4107441704786344,0.47646058292478316,0.5342406490327112,0.4608295804693055,0.43187591349272725,0.43052041474425756,0.33986708123644366,0.3535771760698717,0.3857745516071894,0.40902043630837615,0.43654438564222925,0.5275736843161253,0.49076210870634873,0.5036676025692449,0.505036992546889,0.4573163936253204,0.43743280670737333
四季映姬·夜摩仙那度,,,,0.12155231365397766,0.3575114359031574,0.3425741355026899,0.3748733948502878,0.2658734297226831,0.32627810822006675,0.37180356424291533,0.3632026583752711,0.4436260800274987,0.4538577455160719,0.4888024138824594,0.5110526850295076,0.5534038241608314,0.47825665121242994,0.4637525480909236,0.4443992464986759,0.4218362157178607,0.42624318182246096
蓬莱山辉夜,,,0.11690249549781323,0.1345452473216321,0.2519803637175053,0.24960171167773665,0.27627661252971086,0.2902346527613178,0.3144017257685063,0.3945307116910034,0.2730177046938274,0.2827304970079528,0.3241118064499073,0.35165998339797,0.3767899256383927,0.32278646094580765,0.3552811215756391,0.3017324271012478,0.35938737066258974,0.3739349361214958,0.4158424603241847
纯狐,,,,,,,,,,,,0.38570067028108057,0.44187039002337797,0.442430923696543,0.44839259317768926,0.46620252402640394,0.42127001947372433,0.40784839477139984,0.4139725354227525,0.411322350891057,0.4063869166304223
风见幽香,,,,0.178994757237292,0.31418051991520696,0.6959155243937166,0.7889523964637082,0.9268973690447974,0.7985821811275333,0.6438843963773269,0.5367770405274012,0.5402246769682671,0.5064827648718365,0.5136044412626327,0.46035364078491553,0.4441483918861981,0.46600760930580676,0.4290243352985456,0.43398400174724944,0.4326970811424172,0.39702551415224896
八意永琳,,,0.15235400051453563,0.2790061545475268,0.23326453196474395,0.20987293255651077,0.1767636924423724,0.17361460061625977,0.15483066678130106,0.1743039363220938,0.15108824566464724,0.1603924816024249,0.18489381710785222,0.16868628751378012,0.20176369032170705,0.21049738167372245,0.26084395378975306,0.2615838548563454,0.23302028447405063,0.3151803896538099,0.3876885883901287
伊吹萃香,,,,0.3030544791429223,0.27225817248689055,0.41567447337432945,0.36016938369376567,0.3538231808485423,0.28032405055376225,0.2753055183476377,0.24648737592289857,0.27388716153930287,0.271819139735402,0.3082794938576881,0.3067895871181774,0.4130655484440521,0.3908917025301981,0.3793894471947648,0.39500122853476755,0.40191027628339565,0.37848346032983315
犬走椛,,,,,0.16215273903826843,0.2635783608222826,0.23843503310820097,0.3148044560322351,0.4615062957723361,0.4958464939116822,0.4912491585729397,0.5114072777838539,0.5653696101276914,0.5670208140265194,0.5379086221098837,0.515001705423246,0.4321815422358053,0.4516178660322309,0.4235742171503454,0.3925007345268128,0.36957205286217537
八云蓝,,0.4988148538319726,0.3801903781836892,0.2569523592432186,0.4692346312618543,0.39686448961371806,0.3035775179792037,0.3817634510547523,0.3767068147534449,0.41836031596412604,0.30569178660341273,0.3430432948455541,0.36461350786882646,0.36072082676352646,0.3409914128705386,0.3573242912461628,0.338676479760494,0.3522491881823526,0.45549428048813784,0.38314184979179966,0.360871521717437
灵乌路空,,,,,,0.2783323456296034,0.6001567613512014,0.5607205498933396,0.5679599509156421,0.526660162171399,0.44996847987520167,0.4080371232598472,0.37515059729057065,0.3886983217895056,0.4048250414687264,0.34848016693084005,0.32272327214009994,0.3348892026879269,0.3680198749624614,0.36502183317629655,0.35272830656898574
赫卡提亚·拉碧斯拉祖利,,,,,,,,,,,,0.2652750652313173,0.28845187873660677,0.30021125863591047,0.3859017614335203,0.3145683272807528,0.36382946284399537,0.39817251743141446,0.32749187802014795,0.30732855131049713,0.3446039196636523
依神紫苑,,,,,,,,,,,,,,0.6331170970164659,0.5803872671263018,0.422989105355029,0.4005627282618488,0.3887631250721158,0.37668787026672856,0.3562505698914927,0.33694270753901684
鬼人正邪,,,,,,,,,,0.15566690369488406,0.4120000854783045,0.43172351296032996,0.43009830840059066,0.43117404461466163,0.41509913000304666,0.4031941574205975,0.41070846933754684,0.3702520343518371,0.35128996150591063,0.33118294276769705,0.3292890267116285
丰聪耳神子,,,,,,,,,0.22952408494407667,0.317066582879948,0.3170497163188768,0.32257550427323717,0.2970363963909525,0.3426211003895767,0.332274517326593,0.4333139383238699,0.44320394741401414,0.417875922395178,0.3855797319064129,0.34770979605483116,0.32169183061359363
水桥帕露西,,,,,,0.16427180580461936,0.25080798261374104,0.3024650391087936,0.2586816004001782,0.44273563636564084,0.3996965520188907,0.396818899114104,0.41860192840066623,0.3985541300843717,0.39530133941165185,0.38459501213860076,0.30724824493925723,0.3179989999945055,0.33525621775096237,0.3231436734445762,0.3142509089334365
宇佐见莲子,,,,,0.0808044181635613,0.08619190185560029,0.10510136046458364,0.16565062811092676,0.16968102983359779,0.30639480081361314,0.4772307166287357,0.41983032045372876,0.46609814222427004,0.47703166244295797,0.47283375272226674,0.45516743243514374,0.33065829504424904,0.2943367820702312,0.30504245270141145,0.33933872324042835,0.30704910594087553
键山雏,,,,,0.21516233403994198,0.29330182943254496,0.3314230164344936,0.3964920597297938,0.36380653884933134,0.26582990193646544,0.2384844696605443,0.2211021358373826,0.2639219877709335,0.2556185573802172,0.24579952832850002,0.2566320900463474,0.2796904994559831,0.2871636657344271,0.27741407081820413,0.27024254581927604,0.300101484230405
物部布都,,,,,,,,,0.5113527117544532,0.32785412291291144,0.4370238591317541,0.3749043013608737,0.3340219579347305,0.3698387670577074,0.3236309678292955,0.3398808210108144,0.3815914398774749,0.3264358595376898,0.3197657593709902,0.292073189264764,0.29323482396534095
稀神探女,,,,,,,,,,,,0.6254206834054654,0.5203584876444128,0.4537492917784815,0.425570688662958,0.33128548785136736,0.3726411498506553,0.36122725949043677,0.3432280433536269,0.2632164169275503,0.2865112583479723
饭纲丸龙,,,,,,,,,,,,,,,,,0.21208687637303617,0.18513837988120813,0.1763930219225204,0.20295735691924258,0.27980652097372144
摩多罗隐岐奈,,,,,,,,,,,,,,0.29239337148579386,0.26754381015786327,0.3068076483216629,0.29968052003853163,0.2801526382013088,0.28404269840836494,0.25629920063219963,0.2732505267201012
河城荷取,,,,,0.19993305812785897,0.32564207156105934,0.40666846501117176,0.5178952358378762,0.4938488233041276,0.4554194021376638,0.3751535938284664,0.3641610549505492,0.396417389596607,0.3791894871378188,0.3587806501844935,0.3938604763146807,0.34689217378046666,0.34342496387342786,0.3122225558983319,0.2845582201148901,0.26679243933069363
茨木华扇,,,,,,,,0.06177767243422612,0.40337103241287137,0.38306516071064367,0.3284450427925762,0.30236395168976454,0.30587773199536217,0.26984886882200254,0.2601020074248767,0.37540579041351496,0.3148367602930068,0.30959785493326886,0.2907641486254061,0.24986575889284013,0.26065066642566515
火焰猫燐,,,,,,0.197704935696639,0.13409203112832546,0.21020146954254562,0.22068811892796011,0.24728657813938362,0.22331741299911317,0.21407434026530006,0.24831652056998477,0.24882841494534066,0.25290845284977603,0.2773379346321302,0.2548701636208653,0.26721850120055607,0.29790330066340875,0.2434627113664225,0.25495135723390516
米斯蒂娅·萝蕾拉,,,0.04471314638538719,0.1958627763847732,0.15032634162668748,0.14320677898269082,0.1950355512350046,0.18229912301493245,0.19443033225733333,0.21414121369471867,0.1872028293318802,0.20706216896082996,0.24122003633218647,0.20608038369136036,0.2076313740535539,0.18010072029052387,0.1528375503302217,0.151706877510316,0.18843539272161403,0.21703241036240034,0.24939325986552868
饕餮尤魔,,,,,,,,,,,,,,,,,,0.2241605723108369,0.4044636763220399,0.27734212739227787,0.24392177241549415
魅魔,0.11948529411764706,0.03081380036871214,0.032570105479804476,0.020572144973786188,0.08812618542898583,0.09250294387020803,0.07602416567842546,0.06629533064707277,0.04726714239934971,0.049230209521919595,0.0466337575194196,0.04481039951252285,0.055087450288731354,0.05714963348163894,0.0800769569289446,0.11026263517987199,0.11303769309133246,0.1294127989714229,0.1610336072510852,0.19870216710738275,0.2384879414516952
圣白莲,,,,,,,0.5779811377413132,0.49850675515525006,0.44656604894367025,0.5106635136401471,0.4243463580899873,0.29249253941221504,0.31473417453801095,0.3250528146589776,0.290518048769479,0.2990549948837303,0.26709841507446447,0.25605909922581993,0.2542493652570368,0.23206994721538352,0.23310306392000257
橙,0.3584558823529412,0.20858572557282065,0.13244147157190636,0.09727604285388648,0.1869072855070847,0.17503905919295626,0.15879721290532733,0.12034605356719602,0.13507186794119255,0.12724005446136716,0.16240877862187603,0.18264143868256175,0.17357116689767693,0.1893905122472912,0.17484004919827129,0.19461487530346502,0.1936076287102296,0.20905884098264277,0.24883562204810397,0.22190561583741122,0.22795730507590606
上白泽慧音,,,0.47481348083354774,0.39012992933667656,0.3830330246569229,0.35961394894213083,0.31746718445416006,0.327689025835506,0.33818184660356565,0.23827950587885102,0.2626588026626492,0.23538584128868958,0.22745383886184328,0.21790383998805357,0.225764773586396,0.21590257017315062,0.23210115248411262,0.21403689031258413,0.22321657702912992,0.22678388701457908,0.22282472600199202
大妖精,,,0.00545407769488037,0.018064736722133577,0.037403771058797275,0.052458612648251766,0.09838301684166595,0.15022517184166864,0.1860007972300165,0.1495648051683176,0.14556421023389002,0.16574848053997468,0.16272060850747228,0.18408928202808292,0.21365139188228524,0.2322625950522662,0.1980186698268155,0.16366848169495438,0.19669660651396434,0.17048873894410504,0.21776369425192565
封兽鵺,,,,,,,0.18583854598757107,0.23146717231571462,0.26940121772977027,0.29598209610116144,0.28338194911903924,0.3124228551786635,0.34409450900562355,0.33367005880983647,0.31503819636429287,0.2913785838967918,0.292861251446669,0.27330369947087624,0.24352289169783506,0.21222505901543012,0.21280621783900722
玛艾露贝莉·赫恩,,,,,0.02476849269217896,0.01958731942338626,0.037154476096438765,0.045498933396539466,0.04377730708205998,0.1220364582472039,0.18057826073019842,0.2006343452650657,0.22074635828370073,0.2625053253866121,0.28265873777095724,0.26347384683292874,0.22671296007540004,0.18972082264188264,0.22802697316334053,0.23769287660962687,0.20794664829030138
天弓千亦,,,,,,,,,,,,,,,,,0.2860454479303104,0.22934466672893808,0.1843375467525731,0.18634185384436136,0.20321887644342018
小恶魔,,0.012114827495391098,0.02907126318497556,0.07949623888762253,0.07377552158875376,0.09883707506291801,0.08127159922026497,0.09528798293434464,0.11660270589246774,0.07939894053899114,0.08403051575472001,0.14503382653938096,0.15756536583339315,0.17381622694711507,0.1648029248146602,0.1489817620031701,0.16850662175928813,0.219067137731526,0.21404351743154332,0.19447990435954327,0.19857206604194555
娜兹玲,,,,,,,0.39068695063544334,0.36750414790234653,0.24816519856498598,0.2217206043668315,0.23086621576861022,0.25010702623314535,0.25611547743589935,0.24238524615364343,0.23207817560171967,0.23788447262294096,0.18491028919520155,0.24511673141061216,0.2596658385432308,0.20745570043463724,0.19426228119227967
哆来咪·苏伊特,,,,,,,,,,,,0.11635704576347984,0.1146352240925451,0.4652696951463219,0.34981550648266213,0.25017154551473686,0.2489795352640734,0.23976230638629883,0.21855087498976222,0.19039948127209913,0.1902029119760806
道神驯子,,,,,,,,,,,,,,,,,,,,,0.18626027786721194
神绮,,0.0005267316302343956,0.009004373552868537,0.037953043081832685,0.04964855517125962,0.04405415181904242,0.053263231828661876,0.0420621000237023,0.040373447550862494,0.0429737670398483,0.055619664283958925,0.08733965595362718,0.08249143625438574,0.08350645414897027,0.09524830457792172,0.08855360044942918,0.06973117944240005,0.08363232765015192,0.08350214311065003,0.15547399775082824,0.18235153459595532
埴安神袿姬,,,,,,,,,,,,,,,,0.3662205814490078,0.2733667366611918,0.23453700295056568,0.2095989516503317,0.15916689462326372,0.1784823306352461
莉格露·奈特巴格,,,0.025726781579624387,0.04895144745839982,0.05536650674997211,0.07394694106872109,0.07087852522178169,0.057402228016117565,0.06189475000586198,0.05255411684939888,0.06533747903110342,0.055606768432729714,0.07909615188515706,0.06263972277245117,0.08598413468590967,0.07170000601914087,0.10341171334123371,0.10895114808323123,0.10304130606896175,0.141188717668156,0.17487483925387437
因幡天为（因幡帝）,,,,,0.11691119044962624,0.10601011306000878,0.08674806720379484,0.10116141265702773,0.07925795080621839,0.09245754163152585,0.11975510465749911,0.1210193272190366,0.15243656030123234,0.14387108391930886,0.14159172205233522,0.1363295278987179,0.1807279430618793,0.15964648157407457,0.1724507903573671,0.14825283932605898,0.17128617611562047
赤蛮奇,,,,,,,,,,0.1806595999184182,0.1681732217841459,0.17682296142368326,0.179209831595406,0.15846593729000408,0.1697114679364936,0.15766136313476856,0.17665301426918092,0.1440145275523492,0.18036255426028558,0.16666919951774514,0.1677634118282789
菅牧典,,,,,,,,,,,,,,,,,0.22178215763321482,0.20416870422364958,0.26510688252477543,0.1783431101384963,0.16426135860836688
村纱水蜜,,,,,,,0.16778045267384986,0.12772220905427825,0.09972018789617251,0.1325097980850325,0.10109412229808422,0.09932034435885818,0.10194917270629468,0.1348673374823768,0.1458909287866307,0.1532994923857868,0.24326562575798527,0.1944296397232952,0.20521717764612737,0.16287498860217015,0.16078189928019626
霍青娥,,,,,,,,,0.2386844141531776,0.22941575300557293,0.19399835454263764,0.18849428933018764,0.19070243486077068,0.19485864118094018,0.18530596585459427,0.2050962059348729,0.2026133599451132,0.19928406200034066,0.20087635480084087,0.17440959241360446,0.15733256514101412
八坂神奈子,,,,,0.12769162110900367,0.22264124804704036,0.2633387114013345,0.2204977482815833,0.20313733459431152,0.2003439665294108,0.13469778076951844,0.10340765276627659,0.13281264752869373,0.13932528998651633,0.1165355841166315,0.12080415721995948,0.12673860163412962,0.11560777806471464,0.13927762155669005,0.13123967863185515,0.15390582489357335
克劳恩皮丝,,,,,,,,,,,,0.4837023264534475,0.4071395390117796,0.31666395822261656,0.2985691878900035,0.2703918460705042,0.23767645897004094,0.2505810471486107,0.19255507930874444,0.18231462062956547,0.15064100753694573
莉莉霍瓦特（莉莉白）,,,,,0.034084569898471494,0.021819273306601196,0.029779567074008664,0.03339653946432804,0.03135771398200761,0.028151235027258244,0.031076706093534634,0.029382997671984126,0.03292934862659048,0.04036752853748413,0.06643459225240067,0.10707249051985314,0.08681746675260053,0.06921466601464843,0.09410576319309837,0.11569303871209588,0.1473950184234359
本居小铃,,,,,,,,,,0.18706487407186917,0.1566550202476734,0.17114822742683936,0.21409930545851447,0.2238638809221593,0.19604269868315635,0.19984350233743303,0.15673576027221633,0.12593475788328506,0.15365420841409813,0.13783775569131637,0.14420927968790304
绵月丰姬,,,,,0.006959165457993975,0.012598994851113283,0.014434259480753473,0.016847594216639013,0.015037946585588895,0.022931101960719465,0.020792597578827024,0.0210052653781854,0.02532678195778366,0.022746537949693214,0.030720709538371267,0.032069982544491484,0.050628218188874335,0.04638212297869768,0.041955827349914,0.03597155101668642,0.1410894398032825
依神女苑,,,,,,,,,,,,,,0.22998203642784046,0.3677514358899132,0.22678116410184387,0.11974607926706723,0.15565744866730036,0.13576401212154304,0.15185708641074738,0.13802231899939185
小野塚小町,,,,0.14805105994985185,0.17407676001338837,0.23594061463392108,0.20515378390345942,0.20062100023702298,0.21186778487295124,0.1937016641585774,0.17400177367481917,0.1551302282705498,0.1375977702159159,0.13053236297835147,0.1550930366391713,0.1754980839068237,0.14899478159629098,0.12246770586651574,0.10001638046356712,0.1247555798709259,0.13505687070833733
永江衣玖,,,,,,0.4982105886970777,0.345740213867272,0.340668404835269,0.35098051476047926,0.2855804159569601,0.2545704180957571,0.24259487836507665,0.23424440760030063,0.21195697526824575,0.2196770517146049,0.18476756084348228,0.1340152601925196,0.18071527865537723,0.1500232056567201,0.12797989929384113,0.13212907890351844
姬海棠果,,,,,,,,0.1914292486371178,0.16201355291028036,0.16805851840827282,0.1296118216495176,0.13055950502320204,0.19654504322472705,0.17895055845188265,0.1800645445210503,0.14043859473124537,0.14144438207308538,0.11225061676163056,0.11231537852521227,0.11864634306961287,0.1292031699230113
二岩猯藏,,,,,,,,,0.09427244945014576,0.1618516864833281,0.2011731897297817,0.15003671702888927,0.1473568523183485,0.15356877764259957,0.12041728258539172,0.11708432816356013,0.11637802587718386,0.11900889565327281,0.14283218215075486,0.13451718792741862,0.12632809719892227
稗田阿求,,,,,0.061126296998772735,0.05745357151103278,0.06598227782386742,0.053344394406257406,0.08919987807070336,0.13777954170869783,0.08822429507110727,0.11198225083199224,0.14242443698329552,0.12621495676005676,0.13301587659809752,0.14469212094460385,0.10971815075850502,0.09144830466101463,0.10607715198340113,0.2996996038620913,0.12347938401519816
幻月,0.001838235294117647,0.0010534632604687912,0.0006688963210702341,0.0015386368816959197,0.003068169139796943,0.008065819550376739,0.013497763096952824,0.015548708224697796,0.016374479260295602,0.015930501121749818,0.02943659112521503,0.037873224692592536,0.04055079896819612,0.03832960739273464,0.039595581182789635,0.04874300274874099,0.040111714034248805,0.039165050357419545,0.03656392475907068,0.06145963141951106,0.12065703037183897
吉吊八千慧,,,,,,,,,,,,,,,,0.2842920487149134,0.2073397229325627,0.1719762196495585,0.2709765486363264,0.14469671641186185,0.11786856756609183
森近霖之助,,,0.01692822227939285,0.06302712559835878,0.09731674662501395,0.13297827308340582,0.1502262351318475,0.1351078454610097,0.12867448785787422,0.10687767690297828,0.11022427370153114,0.0912394731496961,0.09780609489423255,0.09760500344777608,0.10532492298665103,0.13232078008065648,0.12322154999757445,0.13292380727366634,0.11551775915258401,0.12169083006595544,0.11508575323328005
今泉影狼,,,,,,,,,,0.2564314575030455,0.2158487461401203,0.228192428479915,0.2800146537300919,0.2847775196215791,0.27505331693390955,0.24377119239180595,0.17257808547648254,0.14785795526349046,0.16476016271260477,0.10140775862942362,0.11238201752156304
星熊勇仪,,,,,,0.12355019202499788,0.11186042132157963,0.1130220431381844,0.10530470600189147,0.11691554629491822,0.12456860168178564,0.12578160398731308,0.12348788990063411,0.11352626239113153,0.11267081165863621,0.12460022872735298,0.16063397021421097,0.14020956159099776,0.11877747140244069,0.11275239860997133,0.10975736043094082
宇佐见堇子,,,,,,,,,,,0.2084602151916317,0.1945377560426855,0.2082453668908788,0.23613093643355015,0.23870752981798896,0.1894384141570193,0.21689986624808555,0.16780586706520365,0.1253596876791613,0.10699269525748964,0.10719671936691916
庭渡久侘歌,,,,,,,,,,,,,,,,0.22133183523605063,0.16455297060922958,0.17633888098286254,0.12878593464195037,0.10416603345389705,0.1046624378432624
少名针妙丸,,,,,,,,,,0.33868024893475107,0.35142802192518513,0.25764417292939396,0.20239520505780292,0.20036190668605033,0.15993951772153328,0.16648141088661944,0.14521784929693618,0.10575332831499074,0.09142755739987442,0.08814068468030353,0.10216957845446484
苏我屠自古,,,,,,,,,0.058158711301126285,0.059626377381995777,0.058814415916060306,0.08385231942252706,0.11030708628705449,0.1219063346846273,0.15029733358910416,0.17097168997411769,0.1377298211328025,0.1364567937186468,0.10918944006115373,0.09594439885312503,0.09974638356520314
奥野田美宵,,,,,,,,,,,,,,,,0.07444072149435203,0.08421866012460412,0.06264869587195535,0.08876573207021758,0.09069126571634094,0.09732695432456502
冈崎梦美,0.0055147058823529415,0.0057940479325783514,0.006277334705428351,0.0066674264873489856,0.01543846926252371,0.02905388244529789,0.04958850145309629,0.0493671486134155,0.06599423180635126,0.07531985028636316,0.07610774540286994,0.07368092120681843,0.07584816016375921,0.059894678127045055,0.09204928854334751,0.07999839489576854,0.06294656160557739,0.06061846493662053,0.06492669742553714,0.07717850521260752,0.0950129632453866
宫出口瑞灵,,,,,,,,,,,,,,,,,,0.015131951274457552,0.01911054082830544,0.037255706513479835,0.09271403476070245
堀川雷鼓,,,,,,,,,,0.14362256288138117,0.11496297720934705,0.1401653047513398,0.12811816647090593,0.14871993078095422,0.13729815732162806,0.11350093296683453,0.10030354061414998,0.08881092753256886,0.07163176717901117,0.07514715864766015,0.09044146581638321
梅蒂欣·梅兰可莉,,,,0.04325279234100752,0.04518576369519134,0.047902348169412995,0.06161026481471114,0.07545863948803033,0.07009371360684055,0.07129037059086174,0.06866579051404516,0.05283814821180257,0.06676511354752454,0.07417769442602215,0.06113110887938525,0.09456070303565338,0.07674795733799039,0.09702525838054055,0.07865352589478282,0.07926304165020313,0.08818395946655821
绵月依姬,,,,,0.0023848041950239873,0.017440025859879475,0.04311446123464833,0.03881488504384925,0.03393307957449802,0.03987035107737593,0.040933423085553096,0.047454025592550346,0.05231155038730413,0.04451364396990553,0.06912018596043827,0.06150759414939508,0.08943359875811693,0.08110209396754928,0.07396052308280324,0.0731538048488901,0.08605260234562252
高丽野阿吽,,,,,,,,,,,,,,0.27720119640025825,0.1906376592455513,0.10388635862041291,0.07433626478720971,0.07147566744872225,0.08612847743591144,0.09866721376249962,0.08392877652193396
豫母都日狭美,,,,,,,,,,,,,,,,,,,0.23822654181113326,0.10985734982725956,0.08185013848172813
露娜切露德,,,,0.003818098928652838,0.030862992301684704,0.03454141044092634,0.040014861790438574,0.07085565299834085,0.05080387359996248,0.03724650383379361,0.036232116335972474,0.03986375638641939,0.04256002175399107,0.03461830703214557,0.05345234199568951,0.059212295098412956,0.04513607351504189,0.04337111742372211,0.04815037265554615,0.05964864289839215,0.07978656303601654
宫古芳香,,,,,,,,,0.1224998632203403,0.05605992955300888,0.05262258123110128,0.06427511210412012,0.0697525105842986,0.07123061449471414,0.07182270567924082,0.0856403362693365,0.09742752794583394,0.09419831977098775,0.07628927898659532,0.08135264378995573,0.07781712880589399
若鹭姬,,,,,,,,,,0.0673049891683617,0.04962549817824363,0.058444135431151664,0.06089984477620959,0.06833623942059794,0.08299951478769141,0.08281936558255251,0.0720250594260449,0.06697289545546954,0.058702121270031944,0.05786298288805811,0.0758608743459539
蕾蒂·霍瓦特洛克,0.016544117647058824,0.03766131156175928,0.038538718806277336,0.027638477319352633,0.06742998995871918,0.0800270913023066,0.09225507311288345,0.08995970609149087,0.054469568479713626,0.046082695286445846,0.04377557671143593,0.04227926815930503,0.047027898738192984,0.04688975461496906,0.04848737883797294,0.05692502156858811,0.058656798131631285,0.05859922307265424,0.05681290780529089,0.08349037010019959,0.07391779965619628
妖精（女仆妖精、向日葵妖精等）,,,,,,,0.004499254365650941,0.006219483289879119,0.007202426080363912,0.005093350531659804,0.005914030195211078,0.005927847132165679,0.006499760177355455,0.006460737077427827,0.005715349634962368,0.006829718504845409,0.00529810044560871,0.002458804718707246,0.0050970542466351795,0.004072824534208687,0.07206698335771591
姬虫百百世,,,,,,,,,,,,,,,,,0.18922777327317963,0.10273408095648877,0.06712440962079227,0.06917722865566396,0.0702387609509769
日白残无,,,,,,,,,,,,,,,,,,,0.1685904611100494,0.09325704385884928,0.06841242136854968
露娜萨·普莉兹姆利巴,,0.2509876218066895,0.08880885001286339,0.16320948256211534,0.1389601695860761,0.11439918110381664,0.1188077993861877,0.10706802559848305,0.08414293865236863,0.0878217106822554,0.0966599352501843,0.09524241051200726,0.08978053395473205,0.10143928180847933,0.10187201679060268,0.10075239260849501,0.1065406765213414,0.09987692240067253,0.09699964508995605,0.08570408194279809,0.06658796461043423
先代巫女,,,,,,,,,,,,,,,,,,,,,0.0647635078523188
秋穰子,,,,,0.014057793149615085,0.06836705636068374,0.14184357456597974,0.15788101445840247,0.1415083279272801,0.10196623174744919,0.07228793366883568,0.07040607471524772,0.0860491202096843,0.08673023458053522,0.08901389061283443,0.06399550570815192,0.07920123079481901,0.07863504744531563,0.06933850227961451,0.06720413766552182,0.06298423887768609
秋静叶,,,,,0.017112016066049313,0.06288722475775604,0.12634048769067116,0.142578810144584,0.14808938355361373,0.11183322033150876,0.08005043219967732,0.07704638845054138,0.09371211463144735,0.10539214609786414,0.09854323467349725,0.0664954555486447,0.08170301530870358,0.08619827581470228,0.08103688334379863,0.06335673687729856,0.06120685272736516
梦月,,,0.0005659891947517366,0.0007978117164349213,0.0006833649447729555,0.0022935250248208665,0.0035373097105513623,0.004456032235126807,0.006256692433349226,0.00957483752542541,0.01729332948680963,0.017667921816164868,0.022592426136513848,0.01826223301695779,0.019634172487333703,0.024943319756826707,0.02223192443363341,0.02234352936005143,0.020532911081383602,0.03471272403067789,0.059442646347226694
寅丸星,,,,,,,0.2269273248268245,0.2540886465987201,0.177602526124915,0.2070689531621218,0.14010428353153614,0.13534053091261347,0.11896336189803572,0.09377072508707282,0.10886245923652407,0.09763447763889167,0.0674407645342592,0.064780575717449,0.06073875890687706,0.056087454282038034,0.057725510574882746
幽谷响子,,,,,,,,,0.11093221200065655,0.09710990943317183,0.09242341678152814,0.10763557958220708,0.10611868766027517,0.10945481217306519,0.1244738831653897,0.09150699223530828,0.060794749717596346,0.051335446898059876,0.04980479947582517,0.045330435751699545,0.05607050800482756
天火人血枪,,,,,,,,,,,,,,,,,,,0.14640858336290918,0.07116298390119855,0.054443747799449084
骊驹早鬼,,,,,,,,,,,,,,,,0.12840031299532514,0.09474902458124562,0.07624217715481953,0.12204810396134211,0.0652665065904785,0.052828284539941296
黑谷山女,,,,,,0.037512218023412425,0.04631585376405381,0.08018013747333491,0.07457617845446801,0.06343536571249028,0.062041221912363366,0.06733434370263894,0.07277389823211056,0.06545943263221234,0.07732365917784724,0.05267952087638691,0.05656389252721817,0.05670086099374173,0.04650140598978951,0.0512243802113411,0.05122976669923953
斯塔萨菲雅,,,,0.00598358787326191,0.012705009483431886,0.011529196265710261,0.015426742061411768,0.028622896420952833,0.025046309684781505,0.032324034110014166,0.03442638715261083,0.034292142555817695,0.03474595794983741,0.03640588010523403,0.041677480506877605,0.05479424570133023,0.038455407943339084,0.04194528541365612,0.05318736520243523,0.05433725418680283,0.04968208511495584
蓬莱人形封面的少女（夹克子）,,,,,,,,,,,,,,0.0010760575009991962,0.022906534568555986,0.02597058646495857,0.021362190482130606,0.025046840916708335,0.028016052854295776,0.04250377394810695,0.04814570047654283
桑尼米尔克,,,,0.003419193070435377,0.019468927814347874,0.015469749328489737,0.025193788585941356,0.03592320455084143,0.029122343543609264,0.030207317005947754,0.027796476156895428,0.03250785119447526,0.031214711136457195,0.02964648217038602,0.03755317588381986,0.05069320438996007,0.02998676341157474,0.02915950087637844,0.03398946190177182,0.04390950629666778,0.04669216010784818
清兰,,,,,,,,,,,,0.03607643391716013,0.0638192605909079,0.049274649402897885,0.05096421841324291,0.0690596095583957,0.04873628696369294,0.03518425925417173,0.06283272816620711,0.0527415580073554,0.045274393401077355
云居一轮,,,,,,,0.057253520768334204,0.0849205972979379,0.03710636767935721,0.08357173962174706,0.10558707568035389,0.0612846272830961,0.05798798243063083,0.08033537857459713,0.04615723135599914,0.046796813868100556,0.041771485200662525,0.03781888911477536,0.030298397444647684,0.031186995329422613,0.043945119436960216
C62社团Cut的少女（冴月麟）,,,,,,,,,,,,,,,,,,,,0.02795001165111496,0.042619611121466644
杖刀偶磨弓,,,,,,,,,,,,,,,,0.1620392849260649,0.1303076294032447,0.07385205413216556,0.054931884572333396,0.04972999807503318,0.0413110482247791
豪德寺三花,,,,,,,,,,,,,,,,,0.09208091644316929,0.04963214083593866,0.04053072701957466,0.030100402216751265,0.04004767311157428
卡娜·安娜贝拉尔,,0.0031603897814063736,0.0009776177000257267,0.005356735810348757,0.006471047640299007,0.008873940783954561,0.010306549876066919,0.011988622896420952,0.013787389696974434,0.01471779861421177,0.018356465899498884,0.0167054669312376,0.020243297240340057,0.019355858803687582,0.025174620011058326,0.02709014666639915,0.023236796329792028,0.023239138676586134,0.02384176472194163,0.023829062946415003,0.03880500906579906
丁礼田舞,,,,,,,,,,,,,,0.09023510758378975,0.07457036142674987,0.04135551052346462,0.0651850003811583,0.054862938807356085,0.043402768298342845,0.04116896142974378,0.0375849389117652
九十九弁弁,,,,,,,,,,0.03469431628383853,0.038134008611939184,0.03094542443322969,0.04459945841626413,0.05183083497670006,0.043877861906320176,0.04488272707208924,0.03681642722994934,0.03395348326089704,0.03149690136230855,0.026886214198150005,0.036366751582043125
梅露兰·普莉兹姆利巴,,0.025809849881485384,0.022433753537432467,0.02387736494187372,0.027766930715162334,0.026444805319746634,0.027463774385805974,0.026465987200758472,0.019594663248477837,0.01991037026012469,0.02483678986227308,0.022245832226614377,0.028136672470248772,0.03124958824330319,0.029112738515701696,0.036480006420416926,0.04343818651808423,0.04484090571926219,0.04492888148734609,0.03984174746461607,0.035157978373879954
爱丽丝的人偶（上海、蓬莱、大江户等）,,,,,,,0.03211062872499071,0.024370703958283953,0.02307277459493681,0.017214863322915115,0.019553162163028496,0.026470634189022388,0.029568054868399685,0.025135824809054696,0.024040577289807158,0.028253847234204772,0.03523288772462352,0.03648646421134182,0.03915203800267548,0.038542394861351734,0.033964267760211025
爱塔妮缇拉尔瓦,,,,,,,,,,,,,,0.05441776505053078,0.06376592455512801,0.04303284444533617,0.028791312362696383,0.04053593701064292,0.02587294220426438,0.0323293111658207,0.03285151859194867
三头慧之子,,,,,,,,,,,,,,,,,,,0.1573343525621775,0.046774160866437695,0.03174818354524521
尔子田里乃,,,,,,,,,,,,,,0.07724775235744434,0.05851886121799574,0.03969422764390763,0.054550683659396935,0.04793158204165957,0.029102623604248,0.024799144909475903,0.030691919106336268
胡桃,,,0.000463082068433239,0.00022794620469569182,0.0016038156867120383,0.0027245230160623714,0.003837599311878744,0.005484712017065655,0.00878516214251659,0.007766808332368684,0.010225342180337852,0.010777619799071918,0.01507294762802186,0.014261055941813837,0.014911815483914648,0.01585842980678558,0.019005939139413848,0.016983609800053846,0.01585082857844877,0.013168292757059056,0.029686490923845406
影华扇（断善修恶的怪臂 - 茨木童子之臂）,,,,,,,,,,,,,,,,0.010754198350755402,0.008725060119059994,0.008549497524711675,0.010568129078052909,0.01644073635046554,0.02870742228171947
莉莉卡·普莉兹姆利巴,,0.04477218856992363,0.019243632621559044,0.01561431502165489,0.040918219346201046,0.03169374514165211,0.034553662769688055,0.022294382555107847,0.017925951400232915,0.02613925132157012,0.032722163455887854,0.025058200396856398,0.026716620275777158,0.028087296811795347,0.03399307161959355,0.03352260187395919,0.03384339244752143,0.031508414881400444,0.035275328291790656,0.029021407657315382,0.027732119288217096
封兽魑魅,,,,,,,,,,,,,,,,,,,,,0.02676623041627363
无名的读书妖怪（朱鹭子）,,,0.007512220221250322,0.009516754046045134,0.008688497154970434,0.013722668185421493,0.02332079581834006,0.030898317136762266,0.027031568745456962,0.024518639788769274,0.023442425019499738,0.01977407309032389,0.02395582731258899,0.02045387666185003,0.027657101589916612,0.030725707750647056,0.03246775747243533,0.032728201803306614,0.0327199759753201,0.025832548149499004,0.02580410719295372
梦子,,,0.00015436068947774633,0.004843856849783451,0.005508758228271784,0.004687103154751368,0.008285957134931824,0.011230149324484476,0.012329709323683203,0.013135773070287135,0.016438546441431334,0.015846132212552537,0.01918203482904611,0.01564895051453117,0.017569199174010675,0.017347163981461047,0.020520177134659763,0.019170435002390122,0.02131917333260531,0.019718245646028996,0.024857046564128054
孙美天,,,,,,,,,,,,,,,,,,,0.132250402686396,0.048248280194117706,0.023949525245849784
铃瑚,,,,,,,,,,,,0.050113275940190306,0.04959230150427338,0.04240984175366628,0.03575901874273592,0.034975221203426894,0.027613186691338006,0.0303078588343892,0.024827322613229955,0.022061132893630386,0.02308154323811891
Reisen（铃仙二号）,,,,,,,,,,,,,,,,,,,,,0.022249334892311862
北白河千百合,,0.018435607058203844,0.012760483663493697,0.011796216093002052,0.010473613745397747,0.010582539963519098,0.011813087536963614,0.00811092675989571,0.007710464816363537,0.01009850451731684,0.013751322242523319,0.01251816321109948,0.015737652910540488,0.014915474585278655,0.01417835501743379,0.01657671395036215,0.01624427396272965,0.014530299617030862,0.015222910808375878,0.013682461525992118,0.02145101738411687
易者,,,,,,,,,,,0.015717323246893396,0.08043060481539928,0.16793627893450763,0.16356513222331048,0.12873923787815528,0.07718544973014185,0.04693098262611142,0.053060731102918146,0.03785252122635071,0.033504554066239124,0.02066399682179256
坂田合欢,,,,,,,,,,,,,,0.026572032167531172,0.026398934789722526,0.015160209466102205,0.016909568459496732,0.01293138973291062,0.011968658713041579,0.009829995035611886,0.019882624732403594
萨丽爱尔,,,,0.001310690677000228,0.0021756108445832867,0.0009774418729941276,0.006097405803223787,0.007537331121118748,0.0067295592568565685,0.01063870836158379,0.013120919746556827,0.013768104620095933,0.017357872036679645,0.017177391373093293,0.020706153169113416,0.020986737826287596,0.017599118484791784,0.02152209627525426,0.022135466433700075,0.021217693484493885,0.019120080886132432
矢田寺成美,,,,,,,,,,,,,,0.11768994610928352,0.055963033592489365,0.03807708513071568,0.02426592375447861,0.02599464832224353,0.02296267984383958,0.02043250965016261,0.018361302688484835
九十九八桥,,,,,,,,,,0.02139317468979621,0.026268551463281727,0.02365201631173539,0.03657012074220387,0.03288343881624891,0.03235124857539409,0.02195782588631849,0.025340097160717133,0.020717146797509876,0.01980398045264681,0.019006514492973872,0.01764582945000819
戎璎花,,,,,,,,,,,,,,,,0.020019662526835336,0.011576817258848071,0.017695152171165775,0.014633214119959595,0.017035956353910215,0.016932239035843327
山城高岭,,,,,,,,,,,,,,,,,0.03122033029099704,0.028019384721894077,0.017125774659422863,0.018317578999625137,0.016250656634978735
爱莲,,,0.0034988422948289168,0.002393435149304764,0.0003765480307932612,0.0035711262131438997,0.002992716704754246,0.00479260488267362,0.005412566533534465,0.005446136715670872,0.009707129959077262,0.008271487274034029,0.01273892567008713,0.01361542144121432,0.01566784396474876,0.013940330250195622,0.012661385891598579,0.009376425145193105,0.012937836140762783,0.011225595979858768,0.015570957058425922
玉造魅须丸,,,,,,,,,,,,,,,,,0.05255480016909569,0.026991906548937083,0.016478746348521662,0.014720930468172194,0.014911968549302696
艾丽,,,0.001852328273732956,0.0009687713699566902,0.008019078433560192,0.007303876673003363,0.009583818971177289,0.01058544678833847,0.01102834856146878,0.011195449058226257,0.011886826724791914,0.013140009062075216,0.012210182831720038,0.010062235652200647,0.009501134042721252,0.010256616039004032,0.009632909901106745,0.008961587701031325,0.009222200988287969,0.014199163146003668,0.014292519350726864
依莉斯,,,,,,0.00027707013722668187,0.0008194343358255674,0.0029912301493244843,0.003106852270151552,0.004475974709640434,0.006512378326975885,0.006962173648110245,0.009657110269318942,0.011472090582081228,0.013456178558129563,0.013374531008607372,0.01106052100875278,0.01021159456920093,0.013459280897649403,0.008191240387830158,0.013678718625086374
琪斯美,,,,,,0.024066619975217616,0.02151905821037577,0.020265465750177767,0.02127509906755352,0.01855434836533214,0.022090799328995308,0.02790181710232333,0.021406531484747658,0.02160020730577162,0.021789417858069756,0.019096727593748117,0.01500031185679536,0.019939669998186804,0.018430751590270005,0.01764890631490431,0.01307998049394013
驹草山如,,,,,,,,,,,,,,,,,0.014383528417084209,0.012436881521327041,0.05148379699145486,0.01584551634702086,0.012490656484352788
舞,0.003676470588235294,,,0.0017665830863916115,0.005982929822604039,0.0055337063518328955,0.008906894954625733,0.012756577388006637,0.009887215400608083,0.01176321432311907,0.012501202038657563,0.01133384372607534,0.014464893363899705,0.013040060083537199,0.012135949718464021,0.014546257097570273,0.010571945362689452,0.010637421084731235,0.007963635370880996,0.012676919647832387,0.01196723132567777
矜羯罗,,,,,4.183867008814013e-05,0.0019471873532875142,0.002122385826330817,0.003503199810381607,0.00470912828368883,0.005804435183807114,0.009215629707984742,0.009243316719528771,0.011171580827784681,0.01099774686735505,0.011481477302219564,0.01229108565237455,0.012117369037471326,0.011958856916796247,0.011024051980671053,0.008953628562455043,0.011445688991314531
魂魄妖忌,,,,0.00849099612491452,0.00949737811000781,0.009697454802933865,0.012612163255750037,0.009954965631666271,0.008245859484301604,0.006950990281843088,0.008334134692438376,0.008755839570020156,0.011685216727912713,0.009144292722776844,0.008637907493709166,0.011255793423085412,0.018295598661094824,0.016348990928521587,0.0140462475088045,0.012188079389684204,0.010933560778510196
雪,,,,,0.004671984826508982,0.0050950119678906496,0.007100067692401655,0.009338705854467883,0.005799457570949564,0.009056682817659154,0.011288478593027108,0.009749542990172336,0.010661721662216414,0.011968394653970652,0.012796064138296792,0.009759033727252663,0.010090299867634116,0.008167627294655465,0.006224576155505201,0.008545839538818475,0.010436495160200107
留琴,,,,0.0003419193070435377,0.0009343969653017963,0.0008773887678844925,0.0023208823424624766,0.0012230386347475706,0.001961811119013936,0.001984422285062261,0.004829524206387366,0.004290423886380326,0.005529139395495867,0.005880983648318057,0.007819816973403596,0.008803996709536325,0.007865721394069177,0.007420370441595833,0.006549455349586394,0.005876214502092135,0.009954492136384262
蓬莱人形碟面的少女（Label子）,,,,,,,,,,,,,,0.008261486364814238,0.010381286602498279,0.009273489697237213,0.006753432157286707,0.006711575338326035,0.0072210543558382705,0.011704304833692999,0.009487551707062662
牛崎润美,,,,,,,,,,,,,,,,0.022936939467506672,0.015620560372010506,0.013961615173709746,0.012449152311010401,0.010280842527582748,0.009033791047923527
小兔姬,0.07720588235294118,0.0015801948907031868,0.002778492410599434,0.004330977889218144,0.003626018074305478,0.003270966897814994,0.0041684268387648426,0.005133917990045035,0.003829830471381787,0.006554105824830635,0.008772211003194752,0.007371529459556584,0.013278998712133516,0.00960106815177242,0.010872140914681621,0.007608194057101583,0.00709993970768623,0.013431392480178463,0.01149362526959513,0.009386746096876487,0.008581913213096173
奥莲姬,,,,5.6986551173922956e-05,0.0008088809550373759,0.001231422832118586,0.0016185100546119901,0.002431855890021332,0.0016413559163064803,0.002965608859343046,0.004375420713530147,0.001993656547349343,0.002001669316675416,0.005371503362130682,0.006347254036853567,0.004414036636504083,0.0035170516365551604,0.002796718663289359,0.0027573780337983565,0.0036473055530227044,0.008160160567257308
明罗,,,0.00036017494211474147,0.00017095965352176886,0.0019803637175052997,0.0039020710992757695,0.005262702504618862,0.006593979616022754,0.005033491476673206,0.003153026519598926,0.006213204261093481,0.005331000109369873,0.006171184270655905,0.007488481792667876,0.008214757224585595,0.005790413514977629,0.005849047450743951,0.006033000181319677,0.008790848781020502,0.015270559152204087,0.0077421735700420055
尘塚姥芽,,,,,,,,,,,,,,,,,,,,,0.007333600694385606
里香,0.009191176470588236,,,0.0020515158422612263,0.00020919335044070067,0.0021088116000030784,0.0019340686187187305,0.001782412894050723,0.0027121452521826125,0.0061737582201937015,0.007511406011261767,0.006577816664843836,0.008765800913214416,0.008691909365213916,0.009941210322609766,0.007218956280973496,0.006438110286423141,0.00705498381859241,0.005905157115946381,0.006815902252211179,0.006957035832029478
朝仓理香子,0.025735294117647058,0.001316829075585989,0.0013377926421404682,0.0030772737633918395,0.003932834988285172,0.0017932594992726909,0.0032573787262631247,0.0032329936003792368,0.0035679951228281344,0.0035388864083610327,0.004156382558151959,0.003215474274643376,0.003946687614954358,0.004664379861474067,0.004885975107480169,0.003940530888224554,0.0048164549505533725,0.005733547986527398,0.005607578694477053,0.004754161474321956,0.006595533564167594
抗抑郁药大叔（长相酷似周杰伦的村民）,,,,,,,,,,,,,0.038556683120640235,0.023923613093643353,0.01658749054964399,0.01818181818181818,0.01975439544827682,0.01842317814933049,0.017778263124846434,0.010749419977103027,0.006260390836670639
幽幻魔眼,,,,,,0.0005926222379570695,0.0013334894160639667,0.002787390376866556,0.0018015835176602081,0.004200360503381786,0.005342394033614343,0.005062262706435636,0.005211893692475612,0.0051299394333349435,0.007069430496157795,0.004666840552958408,0.004369460210537988,0.004434090297199435,0.004015943651205329,0.00557987092590904,0.005936545055044369
云山,,,,,,,0.01971732060241148,0.018321877222090544,0.013013607622144235,0.013907492847811348,0.014387067132523426,0.011902567067168726,0.013868169303456844,0.012499835297321276,0.009066699766421051,0.012832808330490962,0.0132261931987498,0.011065994868103671,0.008370416882797783,0.007839174087920326,0.005616464922041659
玄爷,0.012867647058823529,0.00474058467210956,0.0031386673527141755,0.0006268520629131525,0.0028310833426308155,0.0024859348423393957,0.001771199682405574,0.0010997866793078929,0.0013834285580297475,0.0024419418674516157,0.0026979089869752435,0.0028498664125119135,0.0024624309329667384,0.0030349213599609984,0.0026686676972726554,0.0026805240665315703,0.005045149933817058,0.003771998747245864,0.004862267602173141,0.005288593051882922,0.005303916086286073
神玉,,,,,6.973111681356689e-05,0.0003463376715333523,0.0003410068354056709,0.0013510310500118511,0.0009457336470146862,0.0017088080788036138,0.001415734418907801,0.001262440823086418,0.003716306806808697,0.004888375504539206,0.005145507272542625,0.0037077907746634296,0.0037214910912908793,0.003986285638932082,0.003426246962789047,0.0042906497269586535,0.004998898547777609
飞碟（红、蓝、绿、其他）,,,,,,,0.0065809229579034696,0.005849727423560085,0.002903636775751702,0.0033404441798548065,0.004599801262941949,0.004540412168179617,0.0044112259658054456,0.006170860362872942,0.00463772694959434,0.006444493489295961,0.007460307560101734,0.005192336221627591,0.005348221354664337,0.005009979433249242,0.004437816902866976
蕾拉·普莉兹姆利巴,,,,0.007465238203783907,0.007447283275688944,0.004286890734312827,0.004865709472355543,0.004124200047404598,0.00409557381021236,0.0047681257682746,0.007164150399076834,0.006240332484414793,0.006828336084055004,0.007137116078055893,0.007441802732986538,0.005485443711000983,0.0055718414104243335,0.006370914125901791,0.006879794698189959,0.0071477057434931055,0.004708943603763389
毛玉,,,,0.01059949851834967,0.01151958049760125,0.006611201329936658,0.0076802882780172745,0.008722446077269495,0.010449966000484591,0.008180229641756655,0.007917427957816458,0.01025889411433839,0.009207678856706914,0.00679453450630921,0.006708342266505681,0.011773439537729982,0.013791000505901024,0.011511052258528894,0.01011493625269595,0.0074896406390889845,0.004166690201970564
水獭灵,,,,,,,,,,,,,,,,0.029437611604903595,0.009175519934579374,0.009794009857197018,0.009667203581861367,0.006177623780432206,0.003927571514374422
大鲶鱼,,,,,,,0.016531197035785358,0.007049063759184641,0.004384765090704454,0.003952307717749004,0.005625540917395903,0.00562473634048404,0.0058463850985161206,0.010527795224061524,0.006025659832319653,0.008390682369936397,0.00829192568106059,0.007791251600283518,0.007562314013486581,0.00648663161200774,0.0037035154212725256
露易兹,,0.0007900974453515934,,0.00011397310234784591,0.0014364610063594778,0.001369957900731927,0.0009364963838006485,0.0026025124437070394,0.0015084842468911937,0.0026128226753319773,0.006822237180925516,0.0035967064043872943,0.004932415335053006,0.00400996121800925,0.005416323444781711,0.004919644469412733,0.003932860697034589,0.015739097467568502,0.004641131344017036,0.004511007770787109,0.003479459328170629
旧作的无名道中Boss,,,,,,,,,,,,,,0.005626243505224369,0.003915550490290112,0.0041732710017856785,0.006136648717575556,0.004934093044467278,0.0036173523710721013,0.002137726310243863,0.0032761143024983195
萨拉,,,0.00010290712631849755,,0.0005717951578712485,0.0001693206394163056,0.0007125515963700585,0.002100023702299123,0.001266188849722142,0.0037428409209924315,0.0016401149683196033,0.002324891020733403,0.00294585295661665,0.0028504543597897077,0.003074891955631284,0.002507975361650047,0.002255764153100896,0.0015274809202248363,0.004220699445794316,0.0022745002684822144,0.0031085429387498423
野槌,,,,,0.004281490572353007,0.002986200367887571,0.005674964499661538,0.003797108319506992,0.002520653728613523,0.0018466151819329375,0.0037450182175636547,0.003821695858006656,0.0027834533705467577,0.00380353386067471,0.00247683957526997,0.0017776529363375535,0.003312612181819442,0.0042005725306183,0.0029129924376859865,0.0028975816337902596,0.0029447372236249265
核热造神非想天则,,,,,,,0.018068272622240773,0.014382555107845462,0.009328372791008496,0.007353387022980712,0.010754239189665673,0.0077933846850928865,0.007545915650410342,0.004225172718209089,0.003283646088398912,0.006099396079532915,0.004591225042793683,0.005456073934472168,0.0044309153949056755,0.0038575321925372074,0.0027846971571235716
菊理,,,,,,2.308917810222349e-05,0.002768771917323656,0.0006684048352690211,0.0011528571316914563,0.0015820255439246362,0.0011272451410926263,0.003031107916816399,0.0026210537844768658,0.002068665644778047,0.0028717798264519694,0.0034911017034168655,0.002103300830925106,0.0023022104517057785,0.0019219743918752902,0.001881908351316576,0.002635954036492901
鲵吞亭的常客,,,,,,,,,,,,,,,,,,,0.0023232957492697044,0.0024214056310345178,0.0024909765644857912
咪咪号,,,,,,,0.0014709100810781923,0.0019388480682626214,0.0023291622050444338,0.0022820856278216004,0.002847496019916445,0.0026686249082074277,0.0011594575098478354,0.0026791635739163663,0.004152514640999311,0.002190967275937481,0.0031116378025877185,0.0031621052862927817,0.0038111878566163423,0.003252180784778578,0.0023516475654140234
兔子（玉兔、永远亭的妖怪兔等）,,,,,,,,,,,,,0.003297089270674789,0.002217996073488139,0.001602329019081256,0.001906061274854036,0.001566214127805845,0.0016401189017522075,0.0015506838843539273,0.0020085509052409755,0.0022142013906540367
乌鸦（地狱鸦、紫和文的使魔等）,,,,,,,0.0005140550802383994,0.0005688551789523584,0.001039525413660771,0.00035829846813624164,0.0008013591050421515,0.0009968282736746714,0.0010386020039353575,0.0005182644290526741,0.0013484388576071133,0.0005577737204309705,0.0024151576262846767,0.003560459123401777,0.003237871631767179,0.003449743168900641,0.0020786380402058303
嫦娥,,,,,,,,,,,,0.01442119900629658,0.010159415965767677,0.004444776289841578,0.003701154353934169,0.0032744126321703018,0.0041476953782822925,0.0029780383408700047,0.0026072237844330993,0.003062216953891979,0.001948723162692966
蛞蝓（蛞蝓卫门）,,,,,,,,,,,,,0.008339029907960979,0.007844239578712508,0.0043951207952968255,0.0030657490820810178,0.0029279888008759713,0.004684091670833356,0.0024625296895902154,0.0025733766957437973,0.001826339582427224
卓柏卡布拉,,,,,,,,,,0.002783703483212339,0.0033550234531098074,0.003406090339515335,0.002307584816016376,0.0023673265021982317,0.002014195281028199,0.0028610982925703736,0.002747804874668219,0.0018846257397018664,0.003071336918834803,0.0027354791647670284,0.0017096044750968243
华扇的宠物（久米、竿打、雷兽（务光）、彭祖、人面犬等）,,,,,,,,,,,,,0.0009215232325826444,0.0015372250014274232,0.0005867683731846853,0.0016572701189783512,0.001954302584253311,0.0020192418639662854,0.00218679188621038,0.001443725114738154,0.0015966350163899856
岩笠,,,,,,0.0004156052058400228,0.00042753095782203514,0.000981275183692818,0.002141578671752265,0.002127741672316758,0.0021423000074793515,0.0006718435073355937,0.001707084021013751,0.0007686125007137116,0.0011171167104862278,0.0009590497782949781,0.0007727118373909368,0.0010027527623778152,0.0004313522072674657,0.0008814321753138202,0.0014930796792420502
狐（妖怪狐、年幼的妖狐等）,,,,,,,,,,,,,0.003485925998663036,0.003223780431564939,0.002296295460443913,0.002347464938504444,0.0012231716529103169,0.0009230819949560162,0.001438750716645281,0.0017577986484706646,0.0013932899907176761
村里的人类（在文花帖、求闻史记、铃奈庵等登场的人类）,,,,,,,,,,,,,,0.0009662557151829518,0.0008124485167172567,0.0014285427659958669,0.0013375191445421596,0.0014148429386974654,0.001337737857981381,0.000949819154432996,0.001220070154033857
地精,,,,,,,,,,0.008610187803520145,0.005064589543866398,0.004049810165148509,0.0021527386990660134,0.001923727287500604,0.0010042766387199423,0.0010473305110250597,0.0009355703860787127,0.0006291243358479992,0.0012394550765786672,0.0011017902191422754,0.0013029144237522053
野狼灵,,,,,,,,,,,,,,,,0.00799743183322967,0.0018191646395974968,0.0021566052560728355,0.0020530181004122417,0.0012689583903224826,0.0011372258843155086
龙（子龙、邪龙等）,,,,,,,,,,,,,0.004177068423100019,0.0034126395031688797,0.0021552453707360556,0.001540900062197789,0.0016840266949416827,0.0011950615113269854,0.001078380518168664,0.0013550753269910743,0.001056264438908941
河童（含山童）,,,,,,,,,,,,,0.004652936977630401,0.0025210490023409742,0.0017377371052007989,0.0020384823739491584,0.0014518666361740022,0.0017555041511217095,0.0016708072838461329,0.001641287498860217,0.0009847171150612764
万岁乐,,,,,,,,,,,0.003948029190841,0.0008749589862975173,0.0015673448423024485,0.0006763790006280662,0.0007334604664808567,0.001231917497642503,0.0006375738927351227,0.0007692349957966802,0.0008599743372737449,0.0007547896213894208,0.0009169354398371733
天狗（香霖堂的天狗、大天狗等）,,,,,,,,,,,,,0.0006118309986819197,0.0014186390727458792,0.0012299567822525136,0.0007102586224192934,0.0006999452518070369,0.0006978060319012742,0.0002975784214693276,0.0015399734557206975,0.0008510365889248508
命莲,,,,,,,0.0006056688569145498,0.0004693055226356957,0.0006057384929226296,0.0012292393599135673,0.0007265655885715506,0.00077183882005531,0.001291643219439608,0.0017919651445211105,0.000660114419832771,0.0006300034108464919,0.000582132684671199,0.0005604426397947241,0.0005815064566327227,0.0008155780472731325,0.0007945518595714315
袈裟罗婆娑罗,,,,,,,,,,,,,0.0008082211957896963,0.0005929296434077204,0.0008970785705419708,0.0007905138339920949,0.0008524085739828271,0.0010961598690102693,0.0005296349886701793,0.0006965340465841971,0.0007399499545297928
都市传说的怪异（阿菊、八尺大人等）,,,,,,,,,,,,,0.0071757956635533785,0.00360149857477282,0.0034924002211665405,0.001328223751529865,0.001029127424686584,0.0026263880570772365,0.0009282262688034071,0.00039259191716563833,0.0006872308737999349
仙台四郎（福神）,,,,,,,,,,0.0005016178553907383,0.0006517720721009499,0.0004312297861037764,0.0003436828449386092,7.027314292239649e-05,0.0005190643301249139,0.00028891876166208544,0.00012474271814382835,0.0003489030159506371,0.0001965655628054274,0.00020516093735752712,0.0005874411852755608
降神的神灵（天照、伊豆能卖等）,,,,,,,,,0.003313975754828322,0.0005512284125172948,0.0003365708241177036,0.00027186225645672857,0.0004003338633350832,0.00010540971438359474,0.00020875413276762845,0.0004975823117513694,0.0004747153440473468,0.0005027500151099731,0.0003822108165661088,0.0010207389846306598,0.0006363946173818575
幽灵（包括怨灵、神灵、旧作的一种杂鱼）,,,,,,,,,,,,,0.00016617632062965719,0.0004523833575629274,0.00010155606458965708,0.00038522501554944725,0.00042620428699141356,0.00021978142737048004,0.0010019383548554425,0.0006382784717789732,0.000538487753169264
大鹫灵,,,,,,,,,,,,,,,,0.0051844866676029775,0.0025780161749724526,0.0013049522250122253,0.0017909306833383384,0.001185374304732379,0.0004537606591391351
鲵吞亭店主,,,,,,,,,,,,,,,,,,,0.0007398509377815392,0.0003470005977528545,0.0004951827939983092
盐家老板,,,,,,,,,,,,,0.000706249362676043,0.00030305292885283487,2.256801435325713e-05,0.00014445938083104272,0.00029799649334358996,0.00018406694542277705,0.00033579950312593844,2.786136186336788e-05,0.0004123385242799609
木花咲耶姬,,,,,,0.00011544589051111745,0.00016286893631315625,0.0003839772457928419,0.00010160774719992497,0.00013229481900415074,0.00037930997638661835,0.00018749121134946798,0.000528742838367091,0.00025913221452633704,0.00039494025118199977,0.0002487911558756847,0.0005266914766072753,0.00039835383710899513,0.0007971825602664555,0.00048630740706969393,0.00037468203804434804
毘沙门天,,,,,,,0.0011960687510497413,0.00030338942877459113,0.000246203387445972,4.961055712655653e-05,0.0005235546152942056,0.0002249894536193616,0.00024548774638472086,0.00014054628584479298,4.513602870651426e-05,0.00011637005678056218,0.00015592839767978545,0.0004478046582673531,7.371208605203528e-05,9.62483409825436e-05,0.00030125188988490295
酒虫,,,,,,0.0005002655255481756,0.0025448271298930663,0.0016259777198388244,0.0006838982984610334,0.0010307971314073414,0.003547349638319924,0.0015468024936331108,0.0014276056635911458,0.0011858592868154408,0.0014725629365500276,0.0008747818061435364,0.0011261495387984504,0.0008434112275342172,0.0006333779245952661,0.0002735479164767028,0.00033702555180873517
月之都的门卫,,,,,0.00013946223362713378,0.0007773356627748574,0.0002188551331708037,0.00016117563403650155,0.0004025229985227797,0.0009315760171542282,0.00018164139714288766,0.0003687327156539537,7.175795663553378e-05,0.00039528642893848023,0.0002482481578858284,8.828073273008166e-05,0.0003811583054394755,0.00015109973131720503,0.0002293264899396653,0.00023808800137787098,0.00026547822796107074
莱卡,,,,,,,,,,,,,,,,,,,0.001154822681481886,0.0005876214502092135,0.0002297045660372385
水江浦岛子（瑞江浦岛子）,,,,,,,1.5268962779358398e-05,2.3702299123014933e-05,0.0001328716694152865,0.0004023967411376252,0.0,1.2499414089964532e-05,0.00029080856110190006,4.3920714326497805e-06,0.0004513602870651426,8.025521157280151e-06,4.1580906047942787e-05,4.9450821158358015e-05,1.3650386305932458e-05,0.0005369644286394537,0.00019581372842518693
蟒蛇,,,,,,,,,,,0.0008761526215127523,0.0018436635782697686,0.0031195827463658373,0.0016602030015416172,0.0018731451913203416,0.0011396240043337815,0.0002564155872956472,0.00026099044500244506,0.00048049359796882254,0.00012157685176742348,0.00016380571512491598
沓颊,,,,,,,,,,5.512284125172948e-06,0.0002938316718487889,3.124853522491133e-05,4.1544080157414296e-05,4.392071432649781e-05,1.1284007176628565e-05,0.00017254870488152326,6.930151007990464e-06,0.00012362705289589504,3.003084987305141e-05,1.2664255392439946e-05,0.0001336805261364257
狸（妖怪狸、野铁炮等）,,,,,,,,,,,,,0.0018505999342848186,0.000860846000799357,0.00016926010764942848,0.0004373909030717682,9.355703860787127e-05,0.00030219946263441007,0.0002620874170739032,7.09198301976637e-05,0.00010732098577149668
座敷童子,,,,,,,,,,9.922111425311306e-05,0.00021903815537818808,0.00011561958033217193,0.00010197183311365328,0.00017568285730599123,0.00013540808611954276,2.4076563471840453e-05,6.583643457590941e-05,1.3736339210655003e-05,0.0001638046356711895,0.00043818323657842214,8.28442697183483e-05
睡鼠,,,,,,,,,,,,,1.888367279882468e-05,0.0013000531440643351,0.00029338418659234265,4.0127605786400756e-05,0.0002182997567516996,0.003351666767399821,0.00010101285866390018,0.00014690536255230338,6.213320228876123e-05
小铃的父母,,,,,,,,,,,0.00042204912865553314,5.937221692733153e-05,0.00020394366622730655,0.00021521150019983924,7.334604664808566e-05,0.00020866355008928393,0.00018711407721574253,7.142896389540602e-05,0.0006852493925578094,0.0003090078315755347,2.4476716053148366e-05
运松翁,,,,,,,,,,0.00045200729826418173,0.0022758598583197103,0.0005062262706435636,0.0004607616162913222,0.00034697364317933264,0.0003441622188871712,0.00033305912802712625,0.00033957739939153274,9.615437447458502e-05,0.0001310437085369516,0.00017476672441567125,4.33049591709548e-05
烟烟罗,,,,,,,,,,2.756142062586474e-05,0.00047013067495806223,8.749589862975174e-05,0.00013218570959177276,2.1960357163248904e-05,5.6420035883142825e-06,6.0191408679601133e-05,2.0790453023971393e-05,3.0219946263441007e-05,4.641131344017036e-05,4.81241704912718e-05,5.64847293534193e-06
冥&舞,0.06433823529411764,0.0021069265209375824,,,,,,,,,,,,,,,,,,,
幽香,0.04595588235294118,0.013958388201211482,0.010856701826601492,,,,,,,,,,,,,,,,,,
埃利希,0.03676470588235294,,0.0011319783895034732,,,,,,,,,,,,,,,,,,
爱莲·蓬松头·奥瑞斯（爱莲）,0.03125,,,,,,,,,,,,,,,,,,,,
Vivit,0.02022058823529412,,,,,,,,,,,,,,,,,,,,
普莉兹姆利巴三姐妹,,0.6341848828022123,,,,,,,,,,,,,,,,,,,
莉莉霍瓦特,,0.06373452725836186,0.05207100591715976,0.07106222931388192,,,,,,,,,,,,,,,,,
其他（中国）,,0.02133263102449302,,,,,,,,,,,,,,,,,,,
盖茨,,0.016065314722149063,0.0024697710316439413,,,,,,,,,,,,,,,,,,
雪&舞,,0.008691071898867527,,,,,,,,,,,,,,,,,,,
其他（毛玉）,,0.010271266789570714,,,,,,,,,,,,,,,,,,,
VIVIT,,0.0071108770081643406,0.002161049652688449,,,,,,,,,,,,,,,,,,
爱莲1,,0.0039504872267579665,,,,,,,,,,,,,,,,,,,
缪斯,,0.002633658151171978,,,,,,,,,,,,,,,,,,,
VIVIT（原创）,,0.0002633658151171978,,,,,,,,,,,,,,,,,,,
因幡帝,,,0.07615127347568819,0.08832915431958058,,,,,,,,,,,,,,,,,
莲子（宇佐见莲子）,,,0.01471571906354515,,,,,,,,,,,,,,,,,,
舞1,,,0.004785181373810136,,,,,,,,,,,,,,,,,,
雪1,,,0.004322099305376898,,,,,,,,,,,,,,,,,,
梅莉（玛艾露贝莉·赫恩）,,,0.003910470800102907,,,,,,,,,,,,,,,,,,
毛玉2,,,0.0015950604579367121,,,,,,,,,,,,,,,,,,
上海人偶,,,0.0008232570105479804,0.055105994985183496,0.022118710253263417,,,,,,,,,,,,,,,,
玛丽,,,0.0002572678157962439,,,,,,,,,,,,,,,,,,
其他,,,5.145356315924878e-05,,,,,,,,,,,,,,,,,,
宇佐见莲子2,,,,0.0327672669250057,,,,,,,,,,,,,,,,,
玛艾露贝莉·赫恩3,,,,0.013220879872350126,,,,,,,,,,,,,,,,,
杂鱼妖精,,,,0.0027353544563483018,0.003333147383688497,,,,,,,,,,,,,,,,
旧作的一种杂鱼译名未定,,,,0.0011397310234784591,0.0004741715943322548,,,,,,,,,,,,,,,,
大蛤蟆,,,,0.00045589240939138365,0.0012691063260069173,6.15711416059293e-05,0.00011706204797508106,6.636643754444181e-05,0.0001680435819075682,0.00023702821738243675,5.342394033614343e-06,,,,,,,,,,
铃仙二号,,,,,0.0050624790806649556,0.00602627548468033,0.011049639397995694,0.013552974638539939,0.01166144298632985,0.012446737554640517,0.015028154416557148,0.0150836679530647,0.01650433002617277,0.016386818515216332,0.018596043827083873,0.02391605304869485,0.02643852609548362,0.024142989796647234,0.026934942258865925,0.022922302260316302,
乌鸦,,,,,0.002593997545464688,,,,,,,,,,,,,,,,
月之兔（玉兔）,,,,,0.0017851165904273123,0.00022319538832149373,7.634481389679199e-05,0.00022754207158094336,0.0002930992707690143,0.0007662074933990398,0.001522582299580088,,,,,,,,,,
永远亭的妖怪兔,,,,,0.0011017516456543568,0.0011005841562059862,0.0010637377402953018,0.0008722446077269495,0.0008558498706455218,0.0014607552931708311,0.0012180658396640702,,,,,,,,,,
前鬼和后鬼,,,,,0.0002928706906169809,,,,,,,,,,,,,,,,
幽灵,,,,,1.3946223362713377e-05,,,,,,,,,,,,,,,,
爱丽丝的人偶（上海、蓬莱、大江户等）1,,,,,,0.04058307871100815,,,,,,,,,,,,,,,
妖精（女仆妖精、向日葵妖精等）2,,,,,,0.0016470280379586087,,,,,,,,,,,,,,,
幽灵（包括怨灵、旧作的一种杂鱼）3,,,,,,0.0015084929693452678,,,,,,,,,,,,,,,
乌鸦（地狱鸦、紫和文的使魔等）4,,,,,,0.0006849789503659635,,,,,,,,,,,,,,,
幽灵（包括怨灵、旧作的一种杂鱼）,,,,,,,0.0002799309842882373,0.00010903057596586869,0.00046114285267658255,0.0008488917552766339,0.00025643491361348846,,,,,,,,,,
大天狗,,,,,,,4.071723407828906e-05,,,,,,,,,,,,,,
河童,,,,,,,,0.0022659397961602274,0.0007698740845532776,,,,,,,,,,,,
天狗（大天狗等）1,,,,,,,,0.0014837639251007349,,,,,,,,,,,,,
妖怪狸,,,,,,,,0.0007679544915856838,3.907990276920191e-05,0.00016536852375518844,0.00011753266873951556,,,,,,,,,,
妖怪狐,,,,,,,,,0.000531486677661146,0.0006063512537690242,0.0018858650938658632,,,,,,,,,,
天狗（大天狗等）,,,,,,,,,0.000347811134645897,0.00019844222850622613,8.54783045378295e-05,,,,,,,,,,
雷兽（务光）,,,,,,,,,0.00020321549439984994,0.0011300182456604544,0.0017629900310927333,,,,,,,,,,
大鹫（久米、竿打）,,,,,,,,,7.034382498456344e-05,0.000314200195134858,0.0010364244425211827,,,,,,,,,,
子龙,,,,,,,,,1.5631961107680763e-05,0.0002756142062586474,3.205436420168606e-05,,,,,,,,,,
河童（山童）1,,,,,,,,,,0.0013449973265421992,,,,,,,,,,,
邪龙,,,,,,,,,,0.0006835232315214456,0.002553664348067656,,,,,,,,,,
野铁炮,,,,,,,,,,7.165969362724832e-05,5.342394033614343e-05,,,,,,,,,,
河童（山童）,,,,,,,,,,,0.0031680396619333056,,,,,,,,,,
八尺大人,,,,,,,,,,,0.003007767840924875,,,,,,,,,,
阿菊,,,,,,,,,,,0.002414762103193683,,,,,,,,,,
年幼的妖狐,,,,,,,,,,,0.002008740156638993,,,,,,,,,,
雷蜥蜴,,,,,,,,,,,0.0013142289322691284,,,,,,,,,,
尼西号,,,,,,,,,,,0.0009509461379833531,,,,,,,,,,
人面犬,,,,,,,,,,,0.0005823209496639635,,,,,,,,,,
彭祖,,,,,,,,,,,0.00014958703294120162,,,,,,,,,,
绿色小人,,,,,,,,,,,1.602718210084303e-05,,,,,,,,,,
蓬莱人形封面和碟面的少女（夹克子&Label子）,,,,,,,,,,,,0.018655375529272065,,,,,,,,,
河童（含山童）1,,,,,,,,,,,,0.004796650157023889,,,,,,,,,
狐（妖怪狐、年幼的妖狐等）2,,,,,,,,,,,,0.0024967579644704155,,,,,,,,,
华扇的宠物（久米、竿打、雷兽（务光）、彭祖、人面犬等）2,,,,,,,,,,,,0.002153024076996391,,,,,,,,,
龙（子龙、邪龙等）2,,,,,,,,,,,,0.0016936706091901942,,,,,,,,,
兔子（玉兔、永远亭的妖怪兔等）2,,,,,,,,,,,,0.001403059231598519,,,,,,,,,
都市传说的怪异（阿菊、八尺大人等）2,,,,,,,,,,,,0.0011280721216192992,,,,,,,,,
天狗（香霖堂的天狗、大天狗等）3,,,,,,,,,,,,0.0005874724622283331,,,,,,,,,
幽灵（包括怨灵、神灵、旧作的一种杂鱼）4,,,,,,,,,,,,0.00031873505929409557,,,,,,,,,
狸（妖怪狸、野铁炮等）2,,,,,,,,,,,,0.0001499929690795744,,,,,,,,,
蓬莱人形封面的少女（夹克子）1,,,,,,,,,,,,,0.018215190781746285,,,,,,,,
蓬莱人形碟面的少女（Label子）1,,,,,,,,,,,,,0.007938696044625895,,,,,,,,
