角色名,rvs_1,rvs_2,rvs_3,rvs_4,rvs_5,rvs_6,rvs_7,rvs_8,rvs_9,rvs_10,rvs_11,rvs_12,rvs_13,rvs_14,rvs_15,rvs_16,rvs_17,rvs_18,rvs_19,rvs_20,rvs_21
古明地恋,,,,,,1.201930255,2.071957532,2.928921545,3.201738274,5.313935605,7.22157045,5.763157977,5.865079935,5.912905223,5.854673272,7.043478261,7.625584731,7.514327002,8.344208141,8.944107575,11.52109234
雾雨魔理沙,4.365808824,5.884645773,7.051196295,5.263904718,5.0694243,4.471912015,4.270138489,4.095757288,4.392268432,5.692563377,6.640830849,5.792731591,5.941747646,6.033810166,6.244005371,6.853586405,8.434326424,9.473194908,10.38573808,11.12943122,11.46491828
博丽灵梦,2.849264706,3.240979721,4.294314381,5.037326191,5.148081,4.770316553,4.879166518,4.96041716,5.243037915,6.410378529,6.737314485,8.147002484,7.054751321,7.004317406,7.227305041,7.081615537,8.140238536,8.959477799,9.728226269,12.06929627,11.40458317
芙兰朵露·斯卡蕾特,1.470588235,1.028706874,1.500385902,1.881410987,3.273429655,3.037242844,3.385943393,3.61700877,4.28065623,4.809975029,5.487621673,5.198618815,5.42093595,5.307563586,5.480032949,6.751092474,7.377180399,9.556052506,9.637412979,9.521767322,9.951963503
十六夜咲夜,4.365808824,6.238609428,5.390275277,4.71364258,4.134720518,4.515966167,4.268245138,4.396719602,4.724369446,5.125498173,5.73480356,5.383982001,5.473810234,5.333705195,5.371943445,6.239417347,7.148762622,7.878329002,7.768074477,7.934989311,8.24052704
蕾米莉亚·斯卡蕾特,1.286764706,1.791941006,2.602521225,2.783679052,4.041643423,4.110335486,4.258147264,4.198909694,4.489108431,4.460270212,4.894936479,4.80095933,4.978774752,5.149897006,5.722447275,6.589803575,6.768304261,7.417755043,7.415435857,7.576631409,8.171453747
魂魄妖梦,,2.809586516,5.563159249,3.548381582,2.843439697,2.723876519,2.846338248,3.155856838,3.847338268,4.291114749,5.001527925,5.106201272,5.614588015,5.666193787,6.087642884,7.818936217,9.244495728,8.75604811,8.108919162,7.939386341,7.670880427
古明地觉,,,,,,2.984876588,3.452841808,3.709239156,3.788796573,4.279720858,4.708401449,4.658372264,4.525377768,4.387705714,4.517721533,4.838666961,4.500544017,4.342881005,5.088492724,5.452866174,5.619070751
藤原妹红,,,1.880113198,1.484898564,3.33504407,3.459497733,3.433908295,3.245660109,3.353290137,3.447966794,4.860937483,3.978707248,4.162527995,4.202263674,4.011904628,4.494636945,4.703264794,4.987455975,5.15866663,5.15386817,5.26995935
琪露诺,2.34375,0.718988675,0.722408027,1.335194894,2.720210867,2.164471912,2.046712847,1.939265229,1.971815574,1.758165071,1.905781539,1.729528303,1.77062758,2.033327038,2.375870279,2.399470316,3.01654227,3.34287551,3.526975893,4.484420433,5.17924864
射命丸文,,,,3.584795988,4.947506415,3.107064519,2.572433415,3.410097179,3.83858437,4.06498983,4.26365783,4.02676437,4.280173277,4.066654076,4.131537672,4.202251159,4.139358407,3.775449316,3.79116001,3.976563529,4.216383584
西行寺幽幽子,,1.559652357,4.636995112,4.418281286,3.897439473,3.302398966,3.328511734,3.211680493,3.333593866,3.258652908,3.261146905,2.941518366,3.046219678,2.975241893,3.213301588,3.607945266,4.250712073,3.97716471,4.259968877,4.382189498,3.99959331
东风谷早苗,,,,,2.798867567,4.417883338,4.557296783,3.923432093,3.764176235,4.008020373,3.819833104,3.268412418,3.365448166,3.517680284,3.451518263,3.763672478,3.755331019,3.534305134,3.853667859,3.716589161,3.922197934
爱丽丝·玛格特洛依德,1.240808824,2.035291019,2.343195266,3.718315478,3.37437242,3.378870323,3.936908646,3.867001659,5.069054188,4.717947446,4.543919821,4.137137322,4.33767406,4.205531375,4.101104704,3.773206798,4.003021546,3.948021692,3.994605367,4.076595949,3.882668037
铃仙·优昙华院·因幡,,,4.575250836,3.605026214,1.951997099,1.733904919,1.66804257,1.911353401,1.806585745,2.056159151,2.95791262,2.84170742,3.198233244,3.035694365,2.882736597,3.382299713,3.746765352,3.757163501,3.652581288,3.567639788,3.582240825
八云紫,,1.205688702,2.222793928,3.621210394,3.784698204,3.716341751,3.325356149,3.143114482,3.171646749,3.087744539,2.908292464,2.644197928,2.841992756,3.63613445,3.463061803,3.232928713,3.262805187,3.052588201,3.273996014,3.295573589,3.069184379
红美铃,0.413602941,1.814063735,1.642397736,1.808582175,1.993947339,2.007373144,2.196287606,2.093387059,2.25084608,2.142928015,2.321120621,2.263437651,2.29870949,2.33967402,2.482910371,2.393908629,2.314157605,2.600014286,2.556335144,2.914131283,3.043802025
帕秋莉·诺蕾姬,2.113970588,2.156966026,1.583740674,3.006211534,3.24327792,2.86767592,2.687927849,2.60793553,2.613585737,2.663541202,2.594031477,2.373810603,2.429573342,2.468748216,2.532232767,2.806267932,2.946589326,2.968016308,2.98445494,3.055385855,3.002607712
露米娅,0.229779412,0.398209112,0.76562902,0.813255072,0.866534642,1.132108581,1.337968312,1.439886229,1.534667782,1.729242116,2.105181054,2.221189632,2.358853988,2.303729308,2.324449058,2.42648422,2.659639494,3.024588047,2.908973764,2.83168698,2.938527669
秦心,,,,,,,,,,3.184154388,3.272173606,2.979013484,2.953689681,2.978509594,2.859649519,2.954844405,3.114333631,2.837729878,2.747986568,2.877306161,2.799964979
比那名居天子,,,,,,2.163640702,2.244883625,2.394956151,2.603190483,3.039539614,3.359468325,3.041857413,2.999293751,3.815858013,3.427381772,2.991392629,3.339896186,2.971444898,3.030451282,2.861916558,2.776247042
多多良小伞,,,,,,,2.086473226,1.553960654,1.589926764,1.880868515,2.420360932,2.310966673,2.688657333,2.544722267,2.655014049,2.541690576,2.725309604,2.340012857,2.596434519,2.641515455,2.600234976
洩矢诹访子,,,,,2.604847707,2.236787218,2.600202568,2.291196966,2.018867777,1.933455706,1.964590612,1.780225927,1.859192005,1.946732958,2.041107638,2.489251821,2.576124244,2.864587168,2.800469573,2.700875353,2.4729071
四季映姬·夜摩仙那度,,,,0.910360155,2.079158764,1.828662906,1.823297383,1.50845224,1.662693543,1.779199947,2.025237469,2.011533834,2.097787211,2.189359768,2.408402072,2.572677113,2.523302633,2.524013868,2.249692866,2.281508667,2.298559451
蓬莱山辉夜,,,0.919989709,0.92249829,1.759288185,1.475398481,1.60429974,1.564275895,1.646279984,1.823022606,1.781731149,1.494523694,1.641085585,1.68123224,1.681159093,1.627190466,1.728123246,1.538294166,1.749040378,1.934143339,2.089675156
纯狐,,,,,,,,,,,,1.824586348,2.060114284,2.093779509,2.203766602,2.184948135,2.175679328,2.012582487,2.053913566,2.04242019,2.068869948
风见幽香,0.229779412,0.07742955,0.111139696,1.120754502,1.988703559,3.328997699,3.637759127,4.363953543,3.987947758,3.405020588,2.816403287,2.49632986,2.409745486,2.309447785,2.224754855,2.145221805,2.383396744,2.318869884,2.248513473,2.356807797,2.063460593
八意永琳,,,1.194751737,1.565819467,1.701606605,1.314143661,1.113921731,1.019388481,0.943779652,0.993021448,0.950134094,0.889320813,0.994697465,0.952534884,1.064104445,1.069432796,1.230600775,1.149149171,1.078555243,1.70384892,2.034333301
伊吹萃香,,,,1.707431046,1.906114024,2.031478246,1.789217058,1.68381133,1.529196595,1.506623009,1.376499877,1.455444276,1.382001594,1.500691751,1.528994256,1.954535423,1.915854106,1.900581871,2.035043272,2.041870561,1.96942105
犬走椛,,,,,1.111681357,1.509478108,1.426955827,1.579445366,2.091634556,2.228820426,2.411172014,2.371170101,2.758715759,2.582300831,2.512293926,2.442374752,2.247773689,2.359441535,2.073963253,2.030877987,1.922817383
八云蓝,,2.610481959,2.497555956,1.517266925,2.777892447,2.015685248,1.717269706,1.825190804,1.806038627,1.908038564,1.931510508,1.729528303,1.820197221,1.685316866,1.621342571,1.751136614,1.651746052,1.835438656,2.396527342,1.997900266,1.799650548
灵乌路空,,,,,,1.593430359,2.749777328,2.873704669,2.708237262,2.543467116,2.226474768,1.895879881,1.843990649,1.768643245,1.771408583,1.702670492,1.624621441,1.758295375,1.864620929,1.903364133,1.795489506
赫卡提亚·拉碧斯拉祖利,,,,,,,,,,,,1.289620799,1.476514376,1.45412701,1.694801458,1.536614434,1.760958301,1.957153611,1.668841628,1.655481596,1.69312788
依神紫苑,,,,,,,,,,,,,,3.304462784,2.713781158,1.964864268,1.992231301,1.949724998,1.872286986,1.853347923,1.691463463
鬼人正邪,,,,,,,,,,0.970233666,2.116207755,2.009949534,2.0118665,2.087244107,1.910980467,1.848068859,2.090022662,1.877153171,1.741374321,1.744521443,1.678980338
丰聪耳神子,,,,,,,,,1.237035242,1.696813349,1.953563911,1.715797697,1.50229059,1.664893734,1.607700206,2.044316928,2.270615467,2.085725746,1.920642114,1.816522801,1.644443691
水桥帕露西,,,,,,1.142914316,1.534245739,1.565489452,1.472296257,1.942220238,2.116207755,1.878980673,2.005918143,1.833180343,1.748321504,1.819465902,1.55895133,1.747438173,1.677097382,1.728032583,1.591598461
宇佐见莲子,,,0.117314124,0.364144062,0.660716278,0.66579954,0.833074609,0.994510548,1.073446769,1.655620049,2.367984101,1.993050326,2.142069424,2.187725917,2.32130082,2.181770029,1.634614718,1.492008198,1.54205684,1.769804363,1.535424398
键山雏,,,,,1.431551936,1.616704251,1.730523166,1.88526191,1.795643372,1.494352665,1.310339669,1.187697452,1.366139309,1.262966493,1.319111723,1.279187817,1.302695136,1.458293727,1.390504791,1.52466997,1.517531919
物部布都,,,,,,,,,2.450544383,1.715218865,2.180530179,1.815608643,1.73427651,1.695936895,1.598255492,1.701875966,1.843759746,1.754866785,1.62933195,1.630748306,1.485908001
稀神探女,,,,,,,,,,,,2.99168789,2.428251485,2.105216463,1.947709911,1.682807327,1.815207523,1.867438832,1.72191433,1.501035936,1.48174696
饭纲丸龙,,,,,,,,,,,,,,,,,0.977913609,0.920005055,0.851522018,0.923376189,1.44887473
摩多罗隐岐奈,,,,,,,,,,,,,,1.416548447,1.384175308,1.535025381,1.40476933,1.424579256,1.431783559,1.396056857,1.427237313
河城荷取,,,,,1.224422626,1.758841231,1.981707783,2.481725527,2.277107775,2.016718758,2.055560898,1.788675531,1.862496648,1.739233935,1.667516729,1.834561907,1.692432968,1.775438327,1.550902291,1.565892121,1.357331812
茨木华扇,,,,,,,,0.560056886,1.926404727,1.790593838,1.959996153,1.668268675,1.547233731,1.365899079,1.338001151,1.818671375,1.563234163,1.636008989,1.451833247,1.389461313,1.259547331
火焰猫燐,,,,,,1.245984407,0.961191386,1.226300071,1.234846768,1.432124489,1.2846107,1.18505695,1.241884742,1.198429395,1.322259961,1.375325535,1.213469441,1.17200644,1.54205684,1.252054142,1.228339518
米斯蒂娅·萝蕾拉,,,0.370465655,1.197629359,1.068420172,1.104678637,1.140428651,1.111618867,1.180134904,1.124489425,1.139425799,1.086302205,1.220735028,1.063636723,1.091389174,0.911322004,0.791610359,0.800575827,0.885134729,1.043195242,1.209198726
饕餮尤魔,,,,,,,,,,,,,,,,,,1.059434392,2.043888722,1.540609201,1.200876643
魅魔,0.643382353,0.21016592,0.209930538,0.178025986,0.688246123,0.681592538,0.638059417,0.578260251,0.488576944,0.500454763,0.491607099,0.427761199,0.485782483,0.508127528,0.512113382,0.631648643,0.683825721,0.723432546,0.799039013,0.916231016,1.190057935
圣白莲,,,,,,,2.735892751,2.427722209,2.056618963,2.355906137,2.123558889,1.649785166,1.549877445,1.560327297,1.461831846,1.519929375,1.288419025,1.139434832,1.169368533,1.147075064,1.137212705
橙,1.976102941,1.570713721,0.932338564,0.635229086,1.206069396,1.162863366,1.062801244,0.937473335,0.895633212,0.827371798,0.98964644,0.983322657,0.986105394,0.986028821,0.953916115,1.024939307,0.90225022,1.017148446,1.147549756,1.057485588,1.134299975
上白泽慧音,,,3.074864934,2.492363802,2.399029343,1.840299851,1.722318643,1.649224935,1.666523374,1.409336707,1.391202146,1.215686765,1.173809101,1.106116838,1.132316268,1.070227323,1.109967636,1.035434261,1.007791641,1.058584845,1.118488017
大妖精,,,0.040133779,0.173979941,0.312004909,0.492076564,0.759865022,0.978734297,1.175757955,0.944816524,0.939107393,0.90516382,0.902167468,0.955802585,1.119723316,1.085323328,0.90867447,0.836576025,0.894569876,0.828840056,1.095602287
封兽鵺,,,,,,,1.12528184,1.404086276,1.500746426,1.653867143,1.782650041,1.69995469,1.762696437,1.602807412,1.53424132,1.403133966,1.404055524,1.26572124,1.144011576,1.034950812,1.07396487
玛艾露贝莉·赫恩,,,0.02469771,0.101151128,0.249079549,0.231907705,0.322500853,0.439914672,0.476540334,0.814225,1.131155774,1.030323579,1.163234244,1.280938849,1.414608276,1.354667844,1.015745303,0.953148094,1.039045565,1.220175679,1.044837578
天弓千亦,,,,,,,,,,,,,,,,,1.309119386,1.078291639,0.858598378,0.873909608,1.026945099
小恶魔,,0.07742955,0.200668896,0.59881468,0.596479973,0.684086169,0.650681759,0.682019436,0.793869145,0.64857535,0.684574371,0.822780182,0.897540968,0.954168735,0.904593719,0.84934893,0.814452137,1.046291463,0.960026209,0.88545181,0.952462452
娜兹玲,,,,,,,1.960880917,1.751163783,1.327309818,1.205123117,1.298394076,1.26955299,1.364817452,1.163301608,1.174292775,1.113131759,0.861563303,1.113720405,1.16995823,0.976140543,0.897120597
哆来咪·苏伊特,,,,,,,,,,,,0.739340343,0.757424116,2.142795026,1.641281412,1.267269918,1.177065358,1.086863115,0.973589233,0.880505152,0.871322138
道神驯子,,,,,,,,,,,,,,,,,,,,,0.863832263
神绮,,0.011061364,0.0895292,0.368190107,0.419502399,0.374875896,0.455666567,0.415643517,0.457391182,0.493443138,0.515498285,0.589359874,0.594174765,0.589820057,0.595016982,0.576826308,0.471825471,0.526288606,0.53249611,0.784869761,0.855094075
埴安神袿姬,,,,,,,,,,,,,,,,1.76146546,1.291274247,1.080005934,0.946463185,0.801358621,0.797255595
莉格露·奈特巴格,,,0.197581683,0.404604513,0.537487448,0.602627548,0.607134677,0.519402702,0.523045419,0.528501265,0.566956224,0.467896817,0.568398551,0.510578304,0.555139301,0.522798499,0.640283582,0.665146512,0.653383931,0.727158749,0.793094554
因幡天为（因幡帝）,,,0.722408027,0.627136996,0.975343077,0.774688104,0.67908203,0.751799005,0.655448129,0.737097121,0.824245921,0.787925566,0.888948897,0.845517671,0.79860304,0.793732068,0.839435331,0.829718845,0.833831117,0.771678672,0.778530908
赤蛮奇,,,,,,,,,,1.010550512,0.991484224,0.959030045,0.986766322,0.910871694,0.912989021,0.863650408,0.839435331,0.79143292,0.857418985,0.823343769,0.773953762
菅牧典,,,,,,,,,,,,,,,,,1.005752025,1.016005582,1.1752655,0.853573346,0.768960512
村纱水蜜,,,,,,,1.113921731,0.944147902,0.762683382,0.837889236,0.762680172,0.68917082,0.725038617,0.806305258,0.799652453,0.854910616,1.151368358,0.979433953,0.937617735,0.804656393,0.762302845
霍青娥,,,,,,,,,1.282446089,1.223528634,1.168830336,0.989131759,1.016508107,1.017071982,0.974904368,1.040035312,0.946506164,1.009719834,0.90282563,0.850825203,0.757309595
八坂神奈子,,,,,1.013360482,1.378978073,1.55381037,1.317923679,1.218980327,1.056126077,0.874784969,0.690755121,0.821534185,0.829179166,0.718847677,0.736526153,0.724512637,0.698289551,0.758939638,0.707372116,0.721524636
克劳恩皮丝,,,,,,,,,,,,2.288258363,1.876376148,1.559510372,1.497511876,1.369763849,1.148513136,1.136577674,0.889852303,0.861817777,0.717363594
莉莉霍瓦特（莉莉白）,,0.398209112,0.441471572,0.570492364,0.302828294,0.241051019,0.287158293,0.319772458,0.312951861,0.319905409,0.282099775,0.250319516,0.300061561,0.379053333,0.496372192,0.630854116,0.535354165,0.466288276,0.578492451,0.638118902,0.704048261
本居小铃,,,,,,,,,,1.01843859,0.957485228,0.912557224,1.024439249,1.108567614,1.005337335,1.035268153,0.803031248,0.721146819,0.784296596,0.720563205,0.689484615
绵月丰姬,,,,,0.045883075,0.115538247,0.116125552,0.166257407,0.175077964,0.244530436,0.213182892,0.208071497,0.239917063,0.2132175,0.29908261,0.266166409,0.389737832,0.32057319,0.307821671,0.273165456,0.677833698
依神女苑,,,,,,,,,,,,,,1.137976924,1.668566141,1.078967115,0.693818998,0.821718801,0.758939638,0.782121617,0.655364072
小野塚小町,,,,0.958912697,1.120857972,1.436331591,1.254660851,1.176544205,1.222263039,1.055249624,1.002510925,0.8608034,0.83739647,0.803037557,0.892000767,0.896225999,0.778048054,0.719432524,0.651614841,0.665050708,0.647041989
永江衣玖,,,,,,2.349000623,1.775332482,1.661360512,1.791813542,1.63370872,1.390283254,1.218327266,1.188349529,1.093046033,1.120772729,0.924034429,0.763771943,0.910290716,0.780758415,0.699677315,0.646625885
姬海棠果,,,,,,,,1.16865608,1.005604058,0.986886276,0.867433834,0.807465275,1.022456464,0.95498566,0.97175613,0.813595233,0.765199554,0.686289485,0.675202708,0.640867046,0.635391072
二岩猯藏,,,,,,,,,0.710159993,0.983380463,1.234071652,0.845488493,0.863172684,0.901885516,0.721995915,0.709512249,0.688108554,0.707432458,0.767785088,0.711219517,0.629565614
稗田阿求,,,,,0.541420283,0.539455557,0.542129613,0.509087461,0.707971519,0.837889236,0.721330042,0.734587441,0.844666684,0.801403706,0.795454802,0.84219819,0.654559693,0.548574443,0.655742718,1.654931968,0.623740155
幻月,0.045955882,0.011061364,0.006174428,0.016184181,0.022286065,0.082289831,0.10981438,0.149267599,0.187114574,0.192819699,0.282099775,0.303657641,0.348970273,0.357813275,0.379887386,0.385345398,0.341199055,0.280001538,0.278336837,0.392984509,0.61625028
吉吊八千慧,,,,,,,,,,,,,,,,1.376914588,0.973630775,0.867433338,1.26784788,0.761235727,0.615001968
森近霖之助,,,0.132750193,0.562400274,0.863912752,1.018232754,1.03944991,0.94536146,0.864447449,0.78091978,0.79759806,0.659069106,0.716446546,0.713175775,0.642240552,0.776252483,0.71594697,0.730289727,0.691714216,0.660653678,0.597525592
今泉影狼,,,,,,,,,,1.454035819,1.270827323,1.198259457,1.434214949,1.409196119,1.39676826,1.165570514,0.838721526,0.799432964,0.80493598,0.594698236,0.580049217
星熊勇仪,,,,,,0.988309179,0.838123546,0.762114245,0.781832535,0.808089828,0.827921488,0.804824774,0.7917924,0.757289741,0.708353551,0.751622158,0.803031248,0.780575717,0.704097846,0.628225586,0.565901675
宇佐见堇子,,,,,,,,,,,1.253368379,1.021345874,1.023778321,1.143695401,1.233059884,0.924828956,0.991475914,0.860576157,0.715302083,0.613385611,0.560076217
庭渡久侘歌,,,,,,,,,,,,,,,,1.074994482,0.807314081,0.907433557,0.740069344,0.598545637,0.550921925
少名针妙丸,,,,,,,,,,1.721354037,1.988481798,1.273777792,1.023778321,1.023607384,0.901445481,0.87954094,0.777334248,0.628003451,0.574954271,0.528742794,0.535526071
苏我屠自古,,,,,,,,,0.516479995,0.567065205,0.549497281,0.578269769,0.73296976,0.784248275,0.819591293,0.889075259,0.765199554,0.734861181,0.672254225,0.583156034,0.534693862
奥野田美宵,,,,,,,,,,,,,,,,0.542661664,0.518222832,0.422288035,0.569647001,0.553476085,0.511392028
冈崎梦美,0.045955882,0.044245457,0.049395421,0.048552542,0.129783555,0.28178033,0.405808313,0.495131548,0.573927452,0.640687272,0.657007618,0.553449057,0.537995838,0.510578304,0.564584015,0.556963143,0.443273249,0.420002308,0.45229736,0.440802205,0.508063195
宫出口瑞灵,,,,,,,,,,,,,,,,,,0.125143545,0.146834475,0.278661743,0.502237737
堀川雷鼓,,,,,,,,,,0.929040366,0.815057003,0.815386779,0.8102984,0.901885516,0.796504215,0.641182962,0.59245861,0.543431557,0.495345218,0.432557774,0.498908903
梅蒂欣·梅兰可莉,,,,0.376282197,0.401149169,0.415605206,0.540236262,0.589182271,0.573927452,0.633675646,0.572469575,0.460503414,0.515524267,0.548156867,0.485878065,0.604634738,0.496808665,0.588003231,0.510677332,0.452344407,0.471029924
绵月依姬,,,,,0.019664175,0.212789865,0.384350331,0.370135103,0.360551183,0.417191712,0.481499289,0.446772808,0.475868555,0.391307212,0.49952043,0.454469212,0.538923193,0.513145677,0.503011275,0.432008146,0.469365507
高丽野阿吽,,,,,,,,,,,,,,1.36753293,0.991694971,0.62052527,0.476108304,0.470288298,0.567288214,0.590850835,0.459379007
豫母都日狭美,,,,,,,,,,,,,,,,,,,1.124551585,0.621630042,0.456050174
露娜切露德,,,,0.028322316,0.291029789,0.307547852,0.354687826,0.583721261,0.495142368,0.40579782,0.31058542,0.336399856,0.351613988,0.322685488,0.462790986,0.452880159,0.349764721,0.296573058,0.3561768,0.387488222,0.435244965
宫古芳香,,,,,,,,,0.825602026,0.55742422,0.515498285,0.505391935,0.522794481,0.538353764,0.502668668,0.558552196,0.551771693,0.572003143,0.503011275,0.453443664,0.432332236
若鹭姬,,,,,,,,,,0.615270129,0.514579393,0.479515023,0.50957591,0.535086063,0.543595762,0.558552196,0.472539277,0.456002506,0.408070108,0.385289708,0.429419506
蕾蒂·霍瓦特洛克,0.091911765,0.28759547,0.3581168,0.267038979,0.592547138,0.656656225,0.682868733,0.645005926,0.513197283,0.494319591,0.488850424,0.40822149,0.424977056,0.44195658,0.433407432,0.421893622,0.431138555,0.394859312,0.406301018,0.463886609,0.409030402
妖精（女仆妖精、向日葵妖精等）,,,,0.024276271,0.024907955,0.014961787,0.041022613,0.047328751,0.066201355,0.051710737,0.049620156,0.051225724,0.057500784,0.053917069,0.055618871,0.076274553,0.052107805,0.032571608,0.050713915,0.046718438,0.404037152
姬虫百百世,,,,,,,,,,,,,,,,,0.88940172,0.59428898,0.474705834,0.428160745,0.403621048
露娜萨·普莉兹姆利巴,,1.780879642,0.759454592,1.076248005,1.059243557,0.906019349,0.86147488,0.756046457,0.683898298,0.675745399,0.728681177,0.676496414,0.652997405,0.713175775,0.619153474,0.617347164,0.644566415,0.593146116,0.62507849,0.48037547,0.403204944
日白残无,,,,,,,,,,,,,,,,,,,0.827344454,0.556773857,0.403204944
先代巫女,,,,,,,,,,,,,,,,,,,,,0.393218443
秋穰子,,,,,0.127161665,0.591821813,0.961191386,0.979947855,0.901104398,0.772155248,0.623008623,0.519122541,0.622594692,0.59962316,0.563534602,0.492606489,0.505374332,0.49771702,0.478244014,0.420465943,0.392802339
秋静叶,,,,,0.1573134,0.586834551,0.93405335,0.956283479,0.921347788,0.787931405,0.678142129,0.568763964,0.688026618,0.735232758,0.612856998,0.494990068,0.51536761,0.533717218,0.514805209,0.411671884,0.38988961
梦月,,,0.006174428,0.012138135,0.01048756,0.01994905,0.034711442,0.04247452,0.064012881,0.082386599,0.147022684,0.162654876,0.207531564,0.201780546,0.193091931,0.203398808,0.179165194,0.170858082,0.157449016,0.262172882,0.379487006
寅丸星,,,,,,,1.361950763,1.455662479,1.109009481,1.069272875,0.929918475,0.807993375,0.757424116,0.657624856,0.657981742,0.608607371,0.464687416,0.443431008,0.43991373,0.379793421,0.365755568
幽谷响子,,,,,,,,,0.78785084,0.73972648,0.722248934,0.714519632,0.729665117,0.75565589,0.754527708,0.584771574,0.440418027,0.354287661,0.357356193,0.308341692,0.359514005
天火人血枪,,,,,,,,,,,,,,,,,,,0.772502662,0.430908888,0.35701738
骊驹早鬼,,,,,,,,,,,,,,,,0.752416685,0.549630276,0.497145589,0.706456633,0.414420028,0.353272443
黑谷山女,,,,,,0.320847219,0.396972674,0.604351742,0.627545079,0.605629145,0.555010631,0.51701014,0.528742838,0.524466034,0.512113382,0.393290664,0.414721027,0.382287815,0.339665293,0.324280924,0.34203763
斯塔萨菲雅,,,,0.044506496,0.111430325,0.102238881,0.12306784,0.27608438,0.276294913,0.33655802,0.293126476,0.30154524,0.317906632,0.332488592,0.387233274,0.418715515,0.337630027,0.293144468,0.367970734,0.346266071,0.339541005
蓬莱人形封面的少女（夹克子）,,,,,,,,,,,,,,0.020423132,0.207783708,0.203398808,0.17345475,0.188001033,0.233519889,0.289654316,0.321232421
桑尼米尔克,,,,0.024276271,0.221549704,0.188684763,0.232251103,0.323413131,0.292708472,0.326917035,0.262803047,0.264050123,0.288164847,0.290008477,0.333713228,0.386139925,0.246262916,0.23714416,0.27420896,0.30504392,0.313326442
清兰,,,,,,,,,,,,0.30154524,0.510897768,0.443590431,0.460692161,0.507702494,0.371892694,0.256001407,0.45229736,0.329227582,0.293769546
云居一轮,,,,,,,0.494795829,0.606778858,0.444260335,0.663475054,0.772787982,0.480043123,0.507593125,0.574298476,0.423962718,0.378989186,0.34191286,0.27714438,0.25828715,0.235790705,0.292937338
C62社团Cut的少女（冴月麟）,,,,,,,,,,,,,,,,,,,,0.230844047,0.2891924
杖刀偶磨弓,,,,,,,,,,,,,,,,0.866828515,0.73521972,0.49428843,0.376816184,0.32153278,0.2792059
豪德寺三花,,,,,,,,,,,,,,,,,0.545347443,0.353716229,0.297796828,0.234141819,0.274628754
卡娜·安娜贝拉尔,,0.022122728,0.009261641,0.036414406,0.045883075,0.087277093,0.089618632,0.097084617,0.10832949,0.128838617,0.182859463,0.145227567,0.185720922,0.203414396,0.210931946,0.22167292,0.207003611,0.186286738,0.189882334,0.196767069,0.269635504
丁礼田舞,,,,,,,,,,,,,,0.651906379,0.511063969,0.32893401,0.461118388,0.374859203,0.312539245,0.28800543,0.2692194
九十九弁弁,,,,,,,,,,0.376874866,0.327125471,0.264050123,0.356901416,0.475450517,0.40927094,0.36627676,0.326209138,0.254858543,0.258876846,0.228645533,0.267138879
梅露兰·普莉兹姆利巴,,0.188043192,0.191407255,0.234670618,0.281853174,0.256844017,0.281478239,0.268196255,0.233619659,0.215607481,0.239830753,0.209655797,0.248509134,0.29817773,0.270748468,0.297947473,0.343340471,0.305715965,0.329640449,0.281959515,0.263810046
爱丽丝的人偶（上海、蓬莱、大江户等）,,,0.009261641,0.436972874,0.249079549,0.331652954,0.289051645,0.26576914,0.251674574,0.20421359,0.205831757,0.238701311,0.25049192,0.225471379,0.210931946,0.230412712,0.286236027,0.270858631,0.280695624,0.279211371,0.245917566
爱塔妮缇拉尔瓦,,,,,,,,,,,,,,0.481168994,0.490075716,0.332112117,0.242693888,0.285144424,0.225853832,0.247882536,0.243837045
三头慧之子,,,,,,,,,,,,,,,,,,,0.794911136,0.31328835,0.233434441
尔子田里乃,,,,,,,,,,,,,,0.571030775,0.475383938,0.320194218,0.411151999,0.322287485,0.234699282,0.210507786,0.222199628
胡桃,,,0.006174428,0.004046045,0.01573134,0.025767523,0.037235911,0.044901635,0.075502372,0.065733988,0.089132502,0.087664641,0.106409496,0.120088017,0.136423647,0.138247627,0.146330139,0.132000725,0.135630238,0.106627965,0.21637417
影华扇（断善修恶的怪臂 - 茨木童子之臂）,,,,,,,,,,,,,,,,0.098521298,0.089225694,0.079429008,0.09788965,0.129162741,0.215541962
莉莉卡·普莉兹姆利巴,,0.298656834,0.138924621,0.169933896,0.330358139,0.285105171,0.302936222,0.259701351,0.2172061,0.257677234,0.283018666,0.23764511,0.243221706,0.281839224,0.305379086,0.287618627,0.283380805,0.249715658,0.27774714,0.232492933,0.213461441
封兽魑魅,,,,,,,,,,,,,,,,,,,,,0.212629232
无名的读书妖怪（朱鹭子）,,,0.074093131,0.072828812,0.06292536,0.12135672,0.223415463,0.291253852,0.277936268,0.252418515,0.232479619,0.189059888,0.238595206,0.204231322,0.234019025,0.255043037,0.256969999,0.25371568,0.264184116,0.224248503,0.209300399
梦子,,,0.003087214,0.036414406,0.04195024,0.043222941,0.075102938,0.082521925,0.093557287,0.109556647,0.124050389,0.12885646,0.169197708,0.136426523,0.182597804,0.152549106,0.157751027,0.155429425,0.169832646,0.15444566,0.200562211
孙美天,,,,,,,,,,,,,,,,,,,0.748325098,0.319883894,0.191824024
铃瑚,,,,,,,,,,,,0.449413309,0.448770484,0.379870258,0.328466165,0.287618627,0.241980083,0.238858455,0.212880505,0.183026352,0.183918044
Reisen（铃仙二号）,,,,,0.03670646,0.053197466,0.092143101,0.101938848,0.088633219,0.108680194,0.110267013,0.111957252,0.134168495,0.137243448,0.190993105,0.193864489,0.226276361,0.188001033,0.229392012,0.186873753,0.176428169
北白河千百合,,0.099552278,0.11422691,0.084966948,0.09176615,0.095589197,0.094667569,0.073420242,0.071125423,0.083263052,0.108429229,0.104035748,0.116323424,0.121721868,0.134324821,0.14222026,0.128485,0.118286364,0.127374485,0.111574623,0.173931544
易者,,,,,,,,,,,0.118537039,0.571932566,0.912742325,0.948450258,0.793355977,0.543456191,0.369751277,0.358859115,0.278336837,0.255027709,0.172683232
坂田合欢,,,,,,,,,,,,,,0.267134569,0.227722549,0.121562569,0.137050666,0.102857708,0.102607224,0.09618502,0.16852219
萨丽爱尔,,,,0.012138135,0.01835323,0.010805735,0.052382722,0.062498222,0.066201355,0.085892411,0.106591446,0.106148149,0.149369852,0.147046552,0.199388407,0.191480909,0.142047305,0.167429491,0.17631931,0.170384892,0.167689982
矢田寺成美,,,,,,,,,,,,,,0.774445172,0.466988637,0.316221585,0.212000249,0.19714394,0.178678097,0.154995289,0.158119586
九十九八桥,,,,,,,,,,0.235765904,0.246262995,0.23764511,0.319228489,0.303896207,0.303280261,0.192275436,0.221279722,0.161715174,0.149782959,0.149499002,0.157703482
戎璎花,,,,,,,,,,,,,,,,0.182741117,0.106357028,0.148000813,0.126784788,0.129162741,0.150629711
山城高岭,,,,,,,,,,,,,,,,,0.254114777,0.21371546,0.139758115,0.145101973,0.150213606
爱莲,,0.033184093,0.021610497,0.024276271,0.00786567,0.032417206,0.027769154,0.043081299,0.053070508,0.056093003,0.084538043,0.080799338,0.092529997,0.107017213,0.140621297,0.11202825,0.112067472,0.086286188,0.105555707,0.103330193,0.145636461
玉造魅须丸,,,,,,,,,,,,,,,,,0.396875888,0.207429711,0.135630238,0.113223509,0.136898273
艾丽,,,0.015436069,0.012138135,0.053748745,0.074808937,0.083938578,0.080701588,0.080973559,0.088521771,0.102915879,0.105091949,0.091869068,0.085777155,0.080804775,0.098521298,0.094222333,0.085714757,0.093172077,0.112124252,0.13564996
依莉斯,,,,,,0.005818473,0.01325346,0.026091491,0.028450169,0.043822659,0.051457939,0.06495633,0.078650497,0.088227931,0.122781282,0.10726109,0.100646583,0.08685762,0.112632067,0.076398387,0.132321127
琪斯美,,,,,,0.24271344,0.223415463,0.248779332,0.235261015,0.212978122,0.223290701,0.241869912,0.203565993,0.2132175,0.201487232,0.181152064,0.127057389,0.160000879,0.140937509,0.133010142,0.130240606
驹草山如,,,,,,,,,,,,,,,,,0.12206075,0.099429118,0.362663463,0.124765711,0.11567696
舞,0.045955882,,0.027784924,0.016184181,0.04457213,0.047378993,0.07699629,0.098298175,0.078237965,0.090274677,0.105672554,0.094001844,0.104426711,0.10048181,0.121731869,0.119973516,0.099218972,0.088571915,0.086685413,0.106078336,0.115260856
矜羯罗,,,,,0.00262189,0.016624208,0.023351334,0.034586395,0.045410847,0.056969456,0.076268017,0.082383638,0.089225354,0.087411006,0.113336568,0.102493931,0.111353666,0.093143369,0.098479347,0.088490218,0.113180335
魂魄妖忌,,,,0.072828812,0.07603481,0.088939514,0.099085389,0.078881251,0.074955254,0.063104629,0.071673558,0.081855538,0.089886283,0.084143305,0.07870595,0.099315824,0.143474916,0.12685784,0.126784788,0.104979079,0.109851502
雪,,,0.02469771,,0.03670646,0.044054152,0.064373947,0.078881251,0.054164745,0.070992707,0.091889177,0.08555224,0.087903497,0.092312557,0.122781282,0.096137718,0.094222333,0.078286144,0.068994513,0.076948016,0.106522668
留琴,,,,0.00809209,0.011798505,0.010805735,0.024613568,0.01577625,0.022431864,0.021911329,0.039512346,0.040663719,0.055517998,0.047381667,0.070310649,0.081836239,0.08351525,0.076000418,0.070173906,0.064306556,0.103193835
蓬莱人形碟面的少女（Label子）,,,,,,,,,,,,,,0.077607902,0.081854188,0.092959612,0.064956305,0.070857532,0.073712086,0.103879821,0.100281106
牛崎润美,,,,,,,,,,,,,,,,0.193864489,0.127771194,0.11028632,0.103786617,0.097833906,0.099865001
小兔姬,0.321691176,0.011061364,0.018523283,0.036414406,0.027529845,0.030754785,0.041022613,0.043688078,0.036656949,0.060475269,0.075349125,0.069181132,0.094512782,0.08496023,0.091298902,0.07706908,0.071380555,0.104000571,0.10142783,0.093986505,0.093207335
奥莲姬,,,,0.004046045,0.011798505,0.014130577,0.018302397,0.02123726,0.018602034,0.028922955,0.037674563,0.025348812,0.026437142,0.044930891,0.059816522,0.047671596,0.042114528,0.035428766,0.032433318,0.042871037,0.092375126
明罗,,,0.006174428,0.004046045,0.01835323,0.035742048,0.049227136,0.04793553,0.045410847,0.029799408,0.051457939,0.045416621,0.056839855,0.065354023,0.073458887,0.060384021,0.057104444,0.062286057,0.09081329,0.119269424,0.090294606
尘塚姥芽,,,,,,,,,,,,,,,,,,,,,0.083220835
里香,0.091911765,,,0.020230226,0.006554725,0.017455419,0.020195748,0.020023702,0.026808813,0.058722363,0.059727965,0.057034826,0.074684926,0.080058678,0.081854188,0.07706908,0.062101083,0.071428964,0.064276939,0.071451729,0.079892001
朝仓理香子,0.137867647,0.011061364,0.012348855,0.024276271,0.02884079,0.015792998,0.032818091,0.030945722,0.035562712,0.031552314,0.035836779,0.031157914,0.040316641,0.040846264,0.046174157,0.046082542,0.046397361,0.057714603,0.056021185,0.052764354,0.074066543
抗抑郁药大叔（长相酷似周杰伦的村民）,,,,,,,,,,,,,0.347648416,0.218935977,0.171054265,0.165261532,0.154182,0.151429403,0.140937509,0.101681307,0.071569918
幽幻魔眼,,,,,,0.009974525,0.017040162,0.023664375,0.022431864,0.039440393,0.047782372,0.044888521,0.048908713,0.044930891,0.067162411,0.050055175,0.045683555,0.048571695,0.044227252,0.063207299,0.070737709
云山,,,,,,,0.20448195,0.188708225,0.095745762,0.122703445,0.109348121,0.096114245,0.103104853,0.09884796,0.079755363,0.10726109,0.116350305,0.089143347,0.087864807,0.075848758,0.069073293
玄爷,0.091911765,0.033184093,0.021610497,0.012138135,0.022286065,0.02078026,0.018933514,0.015169471,0.016413559,0.025417142,0.024810078,0.030629814,0.02709807,0.034310862,0.035680031,0.034164644,0.047111167,0.044000242,0.047765432,0.060459155,0.067408876
,,,,,,,,,,,,,,,,,,,,,
,,,,,,,,,,,,,,,,,,,,,
,,,,,,,,,,,,,,,,,,,,,
,,,,,,,,,,,,,,,,,,,,,
,,,,,,,,,,,,,,,,,,,,,
,,,,,,,,,,,,,,,,,,,,,
,,,,,,,,,,,,,,,,,,,,,
,,,,,,,,,,,,,,,,,,,,,
,,,,,,,,,,,,,,,,,,,,,
,,,,,,,,,,,,,,,,,,,,,
,,,,,,,,,,,,,,,,,,,,,
,,,,,,,,,,,,,,,,,,,,,
,,,,,,,,,,,,,,,,,,,,,
,,,,,,,,,,,,,,,,,,,,,
,,,,,,,,,,,,,,,,,,,,,
,,,,,,,,,,,,,,,,,,,,,
,,,,,,,,,,,,,,,,,,,,,
,,,,,,,,,,,,,,,,,,,,,
,,,,,,,,,,,,,,,,,,,,,
,,,,,,,,,,,,,,,,,,,,,
,,,,,,,,,,,,,,,,,,,,,
,,,,,,,,,,,,,,,,,,,,,
,,,,,,,,,,,,,,,,,,,,,
,,,,,,,,,,,,,,,,,,,,,
,,,,,,,,,,,,,,,,,,,,,
,,,,,,,,,,,,,,,,,,,,,
,,,,,,,,,,,,,,,,,,,,,
,,,,,,,,,,,,,,,,,,,,,
,,,,,,,,,,,,,,,,,,,,,
,,,,,,,,,,,,,,,,,,,,,
,,,,,,,,,,,,,,,,,,,,,
,,,,,,,,,,,,,,,,,,,,,
,,,,,,,,,,,,,,,,,,,,,
,,,,,,,,,,,,,,,,,,,,,
,,,,,,,,,,,,,,,,,,,,,
,,,,,,,,,,,,,,,,,,,,,
,,,,,,,,,,,,,,,,,,,,,
,,,,,,,,,,,,,,,,,,,,,
,,,,,,,,,,,,,,,,,,,,,
,,,,,,,,,,,,,,,,,,,,,
,,,,,,,,,,,,,,,,,,,,,
,,,,,,,,,,,,,,,,,,,,,
,,,,,,,,,,,,,,,,,,,,,
,,,,,,,,,,,,,,,,,,,,,
,,,,,,,,,,,,,,,,,,,,,
,,,,,,,,,,,,,,,,,,,,,
,,,,,,,,,,,,,,,,,,,,,
,,,,,,,,,,,,,,,,,,,,,
,,,,,,,,,,,,,,,,,,,,,
,,,,,,,,,,,,,,,,,,,,,
,,,,,,,,,,,,,,,,,,,,,
,,,,,,,,,,,,,,,,,,,,,
,,,,,,,,,,,,,,,,,,,,,
,,,,,,,,,,,,,,,,,,,,,
,,,,,,,,,,,,,,,,,,,,,
,,,,,,,,,,,,,,,,,,,,,
,,,,,,,,,,,,,,,,,,,,,
,,,,,,,,,,,,,,,,,,,,,
,,,,,,,,,,,,,,,,,,,,,
,,,,,,,,,,,,,,,,,,,,,
,,,,,,,,,,,,,,,,,,,,,
,,,,,,,,,,,,,,,,,,,,,
,,,,,,,,,,,,,,,,,,,,,
,,,,,,,,,,,,,,,,,,,,,
,,,,,,,,,,,,,,,,,,,,,
,,,,,,,,,,,,,,,,,,,,,
,,,,,,,,,,,,,,,,,,,,,
,,,,,,,,,,,,,,,,,,,,,
,,,,,,,,,,,,,,,,,,,,,
,,,,,,,,,,,,,,,,,,,,,
,,,,,,,,,,,,,,,,,,,,,
,,,,,,,,,,,,,,,,,,,,,
,,,,,,,,,,,,,,,,,,,,,
,,,,,,,,,,,,,,,,,,,,,
,,,,,,,,,,,,,,,,,,,,,
,,,,,,,,,,,,,,,,,,,,,
,,,,,,,,,,,,,,,,,,,,,
,,,,,,,,,,,,,,,,,,,,,
,,,,,,,,,,,,,,,,,,,,,
,,,,,,,,,,,,,,,,,,,,,
,,,,,,,,,,,,,,,,,,,,,
,,,,,,,,,,,,,,,,,,,,,
,,,,,,,,,,,,,,,,,,,,,
,,,,,,,,,,,,,,,,,,,,,
,,,,,,,,,,,,,,,,,,,,,
,,,,,,,,,,,,,,,,,,,,,
,,,,,,,,,,,,,,,,,,,,,
,,,,,,,,,,,,,,,,,,,,,
,,,,,,,,,,,,,,,,,,,,,
,,,,,,,,,,,,,,,,,,,,,
,,,,,,,,,,,,,,,,,,,,,
,,,,,,,,,,,,,,,,,,,,,
,,,,,,,,,,,,,,,,,,,,,
,,,,,,,,,,,,,,,,,,,,,
,,,,,,,,,,,,,,,,,,,,,
,,,,,,,,,,,,,,,,,,,,,
,,,,,,,,,,,,,,,,,,,,,
,,,,,,,,,,,,,,,,,,,,,
,,,,,,,,,,,,,,,,,,,,,
,,,,,,,,,,,,,,,,,,,,,
,,,,,,,,,,,,,,,,,,,,,
,,,,,,,,,,,,,,,,,,,,,
,,,,,,,,,,,,,,,,,,,,,
,,,,,,,,,,,,,,,,,,,,,
,,,,,,,,,,,,,,,,,,,,,
,,,,,,,,,,,,,,,,,,,,,
,,,,,,,,,,,,,,,,,,,,,
,,,,,,,,,,,,,,,,,,,,,
,,,,,,,,,,,,,,,,,,,,,
,,,,,,,,,,,,,,,,,,,,,
,,,,,,,,,,,,,,,,,,,,,
,,,,,,,,,,,,,,,,,,,,,
,,,,,,,,,,,,,,,,,,,,,
,,,,,,,,,,,,,,,,,,,,,
,,,,,,,,,,,,,,,,,,,,,
,,,,,,,,,,,,,,,,,,,,,
,,,,,,,,,,,,,,,,,,,,,
,,,,,,,,,,,,,,,,,,,,,
,,,,,,,,,,,,,,,,,,,,,
,,,,,,,,,,,,,,,,,,,,,
,,,,,,,,,,,,,,,,,,,,,
,,,,,,,,,,,,,,,,,,,,,
蓬莱人形封面的少女（夹克子）1,,,,,,,,,,,,,0.15003078,,,,,,,,
蓬莱人形碟面的少女（Label子）1,,,,,,,,,,,,,0.068736569,,,,,,,,
