角色名,rvs_01,rvs_02,rvs_03,rvs_04,rvs_05,rvs_06,rvs_07,rvs_08,rvs_09,rvs_10,rvs_11,rvs_12,rvs_13,rvs_14,rvs_15,rvs_16,rvs_17,rvs_18,rvs_19,rvs_20,rvs_21
十六夜咲夜,4.365808823529411,6.238609428496181,5.390275276562902,4.713642580351038,4.134720517683811,4.515966166657687,4.268245138107768,4.396719601801375,4.7243694457688195,5.125498172677812,5.734803560171384,5.3839820008437105,5.47381023419531,5.333705195381298,5.371943444556031,6.2394173471639816,7.148762621537523,7.8783290018077015,7.768074476507684,7.934989311368449,8.240527040181354
雾雨魔理沙,4.365808823529411,5.884645772978668,7.051196295343453,5.263904718486438,5.0694242998995875,4.471912014838645,4.270138489492409,4.09575728845698,4.392268432036141,5.692563377486729,6.640830849120108,5.792731590706686,5.941747646150185,6.0338101658885375,6.244005371187416,6.853586404767159,8.434326423972779,9.473194907664327,10.385738076387563,11.129431222961815,11.464918276010748
博丽灵梦,2.849264705882353,3.2409797208322364,4.294314381270903,5.03732619101892,5.148080999665291,4.7703165526317814,4.879166518218417,4.960417160464565,5.243037915321667,6.410378528550875,6.7373144853671825,8.14700248425855,7.054751320912913,7.004317406218294,7.227305040566005,7.08161553740896,8.140238535797694,8.959477799328567,9.728226268803406,12.069296272656352,11.404583170939738
琪露诺,2.34375,0.71898867526995,0.7224080267558528,1.335194894005015,2.7202108668972445,2.1644719120148386,2.0467128467963174,1.9392652287271865,1.9718155741228516,1.7581650708604124,1.9057815388231776,1.72952830336078,1.7706275799817963,2.0333270380309463,2.3758702790534976,2.3994703156036197,3.0165422704560734,3.342875510305002,3.5269758934177835,4.48442043301622,5.179248640130141
帕秋莉·诺蕾姬,2.1139705882352944,2.15696602580985,1.5837406740416773,3.006211534077958,3.243277920339172,2.8676759202961573,2.6879278490612135,2.6079355297463853,2.6135857373986857,2.6635412015676936,2.594031477385646,2.373810602628002,2.4295733422967833,2.4687482157209804,2.5322327665000395,2.806267932023836,2.9465893261814173,2.968016307781911,2.984454940074804,3.055385854533297,3.0026077116718164
橙,1.9761029411764706,1.5707137213589675,0.9323385644455878,0.6352290859357191,1.206069396407453,1.1628633659403838,1.062801243911501,0.9374733349134866,0.8956332116645693,0.8273717980519588,0.9896464403628553,0.9833226567504647,0.9861053935546248,0.986028820772741,0.9539161146906489,1.024939306996248,0.9022502200322946,1.0171484458705817,1.1475497556580851,1.0574855880773635,1.1342999753350014
芙兰朵露·斯卡蕾特,1.4705882352941175,1.0287068738477745,1.5003859017236945,1.8814109870070663,3.2734296552493585,3.037242844278887,3.3859433928653226,3.6170087698506754,4.280656229727301,4.809975029352913,5.487621673024116,5.198618814743059,5.420935950358601,5.307563586214166,5.480032949300956,6.751092474067535,7.377180398760889,9.556052505782999,9.6374129787873,9.521767322168525,9.951963503333541
蕾米莉亚·斯卡蕾特,1.2867647058823528,1.7919410060574137,2.602521224594803,2.7836790517437886,4.041643422961062,4.110335485757825,4.258147264056352,4.198909694240341,4.489108431098224,4.460270212167816,4.89493647893494,4.800959330031405,4.978774751774121,5.149897005924904,5.722447275476467,6.589803575369676,6.768304261349855,7.417755042610125,7.415435856834748,7.5766314093796545,8.171453747479369
爱丽丝·玛格特洛依德,1.2408088235294117,2.0352910192257045,2.3431952662721893,3.7183154775472986,3.3743724199486778,3.378870323479385,3.936908645795691,3.8670016591609384,5.06905418819318,4.7179474458831505,4.543919821350344,4.137137321688046,4.337674060254023,4.205531374762279,4.1011047043025926,3.7732067976164205,4.003021545839483,3.948021692426882,3.9946053673318955,4.076595949464555,3.882668037362765
魅魔,0.6433823529411764,0.21016592046352384,0.20993053768973502,0.17802598586733528,0.6882461229499052,0.6815925375776374,0.6380594166238287,0.5782602512443707,0.4885769444205623,0.5004547634403268,0.4916070989731918,0.42776119869381124,0.48578248274976493,0.5081275281861184,0.5121133817041108,0.6316486426837343,0.6838257205624511,0.7234325463326721,0.7990390128040623,0.9162310162811667,1.1900579345040734
红美铃,0.4136029411764706,1.8140637345272583,1.6423977360432211,1.808582174606793,1.9939473390605822,2.00737314420731,2.1962876061829117,2.0933870585446788,2.250846079894953,2.1429280150816097,2.321120620572491,2.2634376513600922,2.2987094898009284,2.339674020458269,2.482910371130996,2.3939086294416243,2.3141576054942234,2.600014285792779,2.556335144284583,2.9141312827371,3.0438020247892648
小兔姬,0.3216911764705882,0.011061364234922308,0.01852328273732956,0.036414406200136765,0.027529844917996205,0.030754785232161685,0.04102261333387623,0.04368807774354112,0.03665694879751139,0.060475269137272414,0.0753491254500967,0.0691811321344312,0.09451278235811753,0.08496022979317736,0.09129890206610171,0.0770690796733613,0.07138055538230177,0.10400057143171117,0.10142783040760053,0.09398650496945382,0.09320733473038897
冥&舞,0.2297794117647059,0.022122728469844616,,,,,,,,,,,,,,,,,,,
露米娅,0.2297794117647059,0.39820911245720303,0.7656290198096218,0.8132550718030546,0.866534642418833,1.132108580708222,1.3379683118125787,1.4398862289642096,1.534667781746559,1.72924211605563,2.105181053733799,2.2211896317360122,2.358853987665185,2.303729307853463,2.324449058349601,2.4264842198190246,2.659639493544564,3.0245880471870725,2.90897376395752,2.831686980132316,2.9385276690446736
幽香,0.2297794117647059,0.07742954964445616,0.11113969642397736,,,,,,,,,,,,,,,,,,
埃利希,0.13786764705882354,,0.00926164136866478,,,,,,,,,,,,,,,,,,
爱莲·蓬松头·奥瑞斯（爱莲）,0.13786764705882354,,,,,,,,,,,,,,,,,,,,
朝仓理香子,0.13786764705882354,0.011061364234922308,0.012348855158219707,0.024276270800091176,0.028840789914091263,0.015792997821920868,0.03281809066710099,0.030945721735008296,0.035562711519973735,0.03155231433248996,0.03583677917748501,0.03115791447275909,0.04031664142549069,0.04084626432364296,0.04617415736676408,0.04608254248510262,0.04639736099849616,0.05771460282748806,0.056021185399546806,0.052764353667061795,0.07406654277682695
Vivit,0.09191176470588235,,,,,,,,,,,,,,,,,,,,
蕾蒂·霍瓦特洛克,0.09191176470588235,0.28759547010798,0.3581167995883715,0.26703897880100297,0.592547138234966,0.656656225227236,0.6828687327269859,0.6450059255747808,0.5131972831651594,0.4943195912090093,0.48885042365184683,0.4082214896176742,0.4249770563375494,0.44195657998181687,0.43340743164712653,0.4218936217170603,0.43113855450910277,0.39485931241380445,0.4063010183188184,0.4638866093229183,0.40903040196416235
玄爷,0.09191176470588235,0.033184092704766924,0.021610496526884487,0.012138135400045588,0.022286064933615977,0.02078026029200114,0.018933513846404414,0.015169471438729557,0.016413559163064802,0.02541714210117246,0.024810077892105008,0.03062981422745809,0.027098070466313417,0.03431086203186008,0.035680030692499524,0.03416464356654161,0.04711116655231917,0.044000241759570104,0.04776543176171886,0.060459155243508304,0.0674088760103706
里香,0.09191176470588235,,,0.020230225666742648,0.006554724980475287,0.017455418645280957,0.020195748102831375,0.020023702299123015,0.02680881329967251,0.058722362785467414,0.05972796529580835,0.05703482649250816,0.07468492591935161,0.0800586780743402,0.0818541880592636,0.0770690796733613,0.062101083182602546,0.07142896389540601,0.06427693903737476,0.07145172892414618,0.07989200119747626
舞,0.04595588235294117,,,0.01618418053339412,0.044572129867231955,0.047378993465762596,0.07699628964204462,0.09829817492296752,0.07823796534394223,0.09027467711795738,0.10567255398489171,0.09400184366357828,0.10442671057750048,0.10048181023616169,0.12173186942146896,0.11997351578018096,0.09921897198139948,0.08857191523030346,0.08668541319719347,0.10607833601815547,0.11526085589427565
冈崎梦美,0.04595588235294117,0.04424545693968923,0.04939542063287883,0.04855254160018235,0.12978355461341068,0.28178032955953547,0.40580831344126794,0.49513154776013274,0.5739274520684993,0.6406872715847265,0.657007618253892,0.5534490570754496,0.5379958380385151,0.5105783040455371,0.5645840150754335,0.5569631427940852,0.44327324892409403,0.42000230770498737,0.4522973600152884,0.4408022045935787,0.5080631951152006
幻月,0.04595588235294117,0.011061364234922308,0.0061744275791098535,0.01618418053339412,0.022286064933615977,0.08228983075632451,0.10981438030914559,0.14926759895709885,0.18711457445893875,0.1928196986985497,0.2820997745509718,0.30365764104807585,0.34897027332228003,0.3578132754751123,0.37988738560837726,0.3853453983668064,0.34119905472740253,0.2800015384699916,0.2783368369324852,0.39298450908280397,0.6162502800701164
普莉兹姆利巴三姐妹,,2.8759547010798,,,,,,,,,,,,,,,,,,,
魂魄妖梦,,2.809586515670266,5.563159248777978,3.5483815819466606,2.84343969653018,2.7238765190755094,2.846338248242797,3.155856838113297,3.8473382678223897,4.291114749218634,5.001527924693614,5.106201271815384,5.614588014910549,5.666193786975751,6.087642883740874,7.818936217170602,9.244495727561905,8.756048110154453,8.108919162412297,7.939386340840704,7.670880427476432
八云蓝,,2.6104819594416644,2.497555955749936,1.5172669250056987,2.7778924467254265,2.0156852483241106,1.7172697058688802,1.8251908035079403,1.806038626575897,1.9080385639397397,1.9315105084890642,1.72952830336078,1.820197221078711,1.6853168659935085,1.6213425711738754,1.7511366144338998,1.6517460515464633,1.8354386562563532,2.396527341723771,1.9979002664559335,1.7996505478077336
露娜萨·普莉兹姆利巴,,1.7808796418224915,0.7594545922305119,1.0762480054707089,1.0592435568448064,0.9060193487312496,0.8614748800114008,0.7560464565062811,0.6838982984610334,0.6757453986208265,0.728681176608862,0.6764964142305829,0.6529974053833575,0.7131757750908061,0.6191534737816093,0.6173471639814611,0.644566415102185,0.5931461161874516,0.6250784897212591,0.480375469843875,0.40320494354351305
西行寺幽幽子,,1.5596523571240453,4.6369951119115,4.418281285616595,3.8974394733906057,3.302398965604821,3.328511734197896,3.2116804930078215,3.3335938660184614,3.2586529080054905,3.2611469051511364,2.9415183663265787,3.0462196775424033,2.9752418933341533,3.2133015876598097,3.607945265945707,4.250712073016071,3.9771647096962073,4.259968877119222,4.382189497786288,3.9995933099486556
八云紫,,1.2056887016065314,2.2227939284795473,3.6212103943469343,3.784698203726431,3.716341750621484,3.3253561485568284,3.1431144821047643,3.1716467489428886,3.087744538704503,2.908292464018976,2.6441979282221144,2.841992756223114,3.636134450090696,3.4630618025073066,3.2329287133083207,3.2628051865250143,3.0525882010340717,3.273996014087199,3.2955735894552345,3.0691843793363796
莉莉霍瓦特,,0.39820911245720303,0.4414715719063545,0.5704923638021427,,,,,,,,,,,,,,,,,
莉莉卡·普莉兹姆利巴,,0.2986568343429023,0.1389246205299717,0.16993389560063824,0.3303581390159545,0.2851051712062556,0.30293622154247063,0.25970135103105,0.21720609959122422,0.25767723371533463,0.2830186663247534,0.2376451103854507,0.2432217056488619,0.2818392238331364,0.3053790862210988,0.287618627234606,0.28338080486773803,0.24971565777833943,0.27774714024406894,0.232492933345491,0.21346144069950687
梅露兰·普莉兹姆利巴,,0.18804319199367922,0.19140725495240546,0.23467061773421474,0.28185317416043737,0.2568440172091341,0.28147823918321224,0.26819625503673855,0.23361965875428903,0.21560748127201468,0.23983075295701511,0.2096557973844976,0.24850913403253277,0.2981777295625936,0.27074846819602577,0.29794747296402563,0.3433404713888716,0.30571596547233776,0.3296404488247017,0.2819595149083614,0.26381004562083304
其他（中国）,,0.12167500658414537,,,,,,,,,,,,,,,,,,,
北白河千百合,,0.09955227811430076,0.11422691021353229,0.08496694780031912,0.09176614972665402,0.09558919734320524,0.09466756923202206,0.07342024176345105,0.07112542303994747,0.08326305171073739,0.10842922930623672,0.1040357483242973,0.11632342444076003,0.12172186768445602,0.13432482143058644,0.14222026042816155,0.12848499968814323,0.11828636421079237,0.12737448469791696,0.11157462285847441,0.1739315442736723
盖茨,,0.08849091387937846,0.01852328273732956,,,,,,,,,,,,,,,,,,
小恶魔,,0.07742954964445616,0.20066889632107024,0.5988146797355824,0.5964799732232512,0.6840861688126775,0.6506817591880983,0.6820194358852809,0.7938691448535676,0.6485753501678491,0.684574371467342,0.8227801821789604,0.8975409681281371,0.9541687346002995,0.9045937193216054,0.8493489295961156,0.8144521369120634,1.0462914631399074,0.9600262087417074,0.8854518099753806,0.9524624517761623
雪&舞,,0.06636818540953385,,,,,,,,,,,,,,,,,,,
其他（毛玉）,,0.06636818540953385,,,,,,,,,,,,,,,,,,,
VIVIT,,0.05530682117461153,0.01852328273732956,,,,,,,,,,,,,,,,,,
爱莲1,,0.033184092704766924,,,,,,,,,,,,,,,,,,,
缪斯,,0.022122728469844616,,,,,,,,,,,,,,,,,,,
卡娜·安娜贝拉尔,,0.022122728469844616,0.00926164136866478,0.036414406200136765,0.04588307486332701,0.08727709322640478,0.08961863220631423,0.09708461720786916,0.1083294904762277,0.12883861685766732,0.18285946298255176,0.14522756745777543,0.18572092197644074,0.20341439633174196,0.21093194615271776,0.22167291988523508,0.20700361060867514,0.1862867378392189,0.18988233367004287,0.19676706888341794,0.2696355040414824
神绮,,0.011061364234922308,0.08952919989709288,0.36819010713471617,0.4195023987504184,0.3748758956677005,0.4556665665701329,0.4156435174211899,0.4573911820107392,0.49344313803310674,0.5154982850915152,0.5893598737559177,0.5941747646150185,0.5898200568334043,0.5950169824308008,0.5768263076583535,0.4718254710770147,0.5262886059813515,0.5324961096399028,0.7848697607975441,0.8550940753167381
露易兹,,0.011061364234922308,,0.00404604513334853,0.01573133995314069,0.014961787410240821,0.014515693948910051,0.02184403887177056,0.017507796440602453,0.027170048452977463,0.05329572287933669,0.032214114963361094,0.04890871254895592,0.03839548846422438,0.05037180803646991,0.050055175457956305,0.043542138783204086,0.12628640816707784,0.04540664500805373,0.04781769551077475,0.04493925067358039
VIVIT（原创）,,0.011061364234922308,,,,,,,,,,,,,,,,,,,
铃仙·优昙华院·因幡,,,4.575250836120401,3.60502621381354,1.9519970991855404,1.733904918764575,1.6680425698682289,1.9113534012799243,1.8065857452146659,2.056159150667262,2.9579126198031864,2.841707419964689,3.198233243572942,3.0356943645331445,2.8827365974204757,3.3822997130876185,3.7467653520170208,3.757163500898357,3.6525812880504516,3.567639788051022,3.582240824526423
上白泽慧音,,,3.074864934396707,2.4923638021426946,2.399029342853955,1.8402998514596207,1.722318642894588,1.6492249348186774,1.6665233736898462,1.409336706851218,1.3912021455054437,1.2156867646829055,1.173809101174942,1.1061168378842514,1.1323162681531467,1.07022732288678,1.1099676361947926,1.0354342606278057,1.0077916405034262,1.0585848454454272,1.1184880167646678
藤原妹红,,,1.8801131978389503,1.4848985639389103,3.335044070065826,3.45949773341235,3.433908294609547,3.245660109030576,3.353290137014139,3.4479667940004304,4.860937483305019,3.9787072480977455,4.162527995044924,4.202263673616388,4.011904627571343,4.494636945486648,4.703264794139864,4.98745597503283,5.158666630265636,5.153868170167067,5.269959349823108
八意永琳,,,1.1947517365577565,1.5658194666058811,1.7016066049313847,1.314143660866152,1.113921731296793,1.019388480682626,0.9437796518762261,0.993021448297531,0.9501340940902437,0.8893208130868865,0.99469746467809,0.9525348840273539,1.0641044447704269,1.0694327962922092,1.2306007747908827,1.149149171149292,1.0785552431133802,1.7038489204988705,2.03433330132532
蓬莱山辉夜,,,0.9199897092873681,0.9224982904034648,1.7592881847595672,1.4753984807320808,1.6042997399186674,1.5642758947617919,1.6462799840553997,1.8230226058771974,1.7817311493626522,1.4945236942018345,1.6410855845818586,1.6812322395611443,1.6811590932171834,1.6271904656808651,1.728123245805526,1.538294166451464,1.749040377842693,1.9341433391082339,2.0896751563214884
因幡帝,,,0.7224080267558528,0.6271369956690221,,,,,,,,,,,,,,,,,
米斯蒂娅·萝蕾拉,,,0.3704656547465912,1.197629359471165,1.0684201718174717,1.1046786371227806,1.1404286506817591,1.111618867030102,1.1801349038243594,1.1244894246829058,1.1394257994892671,1.0863022045841602,1.2207350280800215,1.0636367229876627,1.0913891741235147,0.911322003972633,0.7916103591897268,0.8005758273397107,0.8851347293128395,1.0431952422925344,1.2091987264576356
莉格露·奈特巴格,,,0.1975816825315153,0.4046045133348529,0.5374874483989736,0.602627548468033,0.6071346773413683,0.5194027020621,0.5230454186629984,0.5285012650692067,0.5669562244232885,0.46789681733668737,0.5683985512446229,0.5105783040455371,0.5551393010685955,0.5227984992275436,0.640283581779247,0.6651465117940208,0.6533839307652407,0.7271587489741953,0.7930945535541133
森近霖之助,,,0.13275019295086185,0.5624002735354456,0.8639127524266429,1.0182327543080558,1.0394499101676022,0.945361460061626,0.8644474492547463,0.7809197797291264,0.797598059642487,0.65906910613565,0.7164465459874084,0.7131757750908061,0.6422405524649913,0.776252482895608,0.7159469704844869,0.7302897268666312,0.6917142155122991,0.6606536782063361,0.5975255922894579
莲子（宇佐见莲子）,,,0.1173141240030872,,,,,,,,,,,,,,,,,,
无名的读书妖怪（朱鹭子）,,,0.07409313094931824,0.07282881240027353,0.06292535981256275,0.12135672010528666,0.2234154633875721,0.2912538516236075,0.277936268494564,0.25241851465991966,0.23247961876676174,0.18905988781775857,0.23859520581314983,0.2042313216182148,0.2340190248360998,0.2550430368572059,0.25696999937628645,0.2537156797564822,0.2641841164104944,0.2242485030850126,0.20930039897047167
大妖精,,,0.04013377926421405,0.1739799407339868,0.31200490907062367,0.49207656371458697,0.7598650223690304,0.978734297226831,1.1757579547142087,0.9448165236228936,0.9391073928048637,0.9051638204459166,0.9021674679638492,0.9558025851732452,1.119723316144029,1.0853233281836239,0.9086744700167017,0.8365760251429952,0.8945698763275001,0.8288400555200957,1.095602287254974
舞1,,,0.02778492410599434,,,,,,,,,,,,,,,,,,
雪1,,,0.024697710316439414,,,,,,,,,,,,,,,,,,
梅莉（玛艾露贝莉·赫恩）,,,0.024697710316439414,,,,,,,,,,,,,,,,,,
爱莲,,,0.021610496526884487,0.024276270800091176,0.007865669976570344,0.03241720605552178,0.02776915364139314,0.043081298885991944,0.05307050796057619,0.05609300325775991,0.08453804318791337,0.08079933753105324,0.09252999671424093,0.10701721252794455,0.14062129743514518,0.11202824983447364,0.11206747195021378,0.08628618838565047,0.10555570722651451,0.103330192597996,0.14563646051623277
艾丽,,,0.015436068947774636,0.012138135400045588,0.053748744839897354,0.0748089370512041,0.08393857805239291,0.08070158805404125,0.08097355853778636,0.08852177076615238,0.10291587866354672,0.1050919488148993,0.09186906816628207,0.08577715507965021,0.08080477539183714,0.09852129772677114,0.09422233310463834,0.08571475667448722,0.09317207676977259,0.1121242515425063,0.13564996036654822
毛玉2,,,0.015436068947774636,,,,,,,,,,,,,,,,,,
上海人偶,,,0.00926164136866478,0.43697287440164123,0.24907954925806092,,,,,,,,,,,,,,,,
梦月,,,0.0061744275791098535,0.012138135400045588,0.01048755996876046,0.019949049880321094,0.034711442051741426,0.04247452002844276,0.06401288073595274,0.08238659853483488,0.14702268380506672,0.16265487555270847,0.20753156405908324,0.20178054575879623,0.19309193080646797,0.20339880821010814,0.17916519400957748,0.1708580816378112,0.15744901580714735,0.2621728822832133,0.37948700568801225
胡桃,,,0.0061744275791098535,0.00404604513334853,0.01573133995314069,0.025767522762081413,0.03723591056459535,0.04490163545863949,0.0755023721500981,0.0657339881926874,0.0891325020568217,0.08766464071996626,0.10640949622137708,0.1200880171115103,0.13642364676543933,0.1382476274553079,0.14633013853371865,0.13200072527871032,0.1356302383357449,0.10662796470218738,0.21637416990983152
明罗,,,0.0061744275791098535,0.00404604513334853,0.018353229945330805,0.03574204770224196,0.04922713600065148,0.0479355297463854,0.045410847017812624,0.029799407980684957,0.05145793933177336,0.04541662109588614,0.05683985512446228,0.06535402291782874,0.07345888671985196,0.060384021187375854,0.057104444305841426,0.062286056516794044,0.09081329001610745,0.11926942443492092,0.09029460552006431
玛丽,,,0.0061744275791098535,,,,,,,,,,,,,,,,,,
萨拉,,,0.0030872137895549268,,0.009176614972665403,0.005818472881760319,0.013253459692483089,0.0206304811566722,0.015866440524295977,0.03242876750839245,0.020215619023196674,0.029045513491555083,0.02841992756223114,0.03186008617244151,0.03777885602735243,0.0317810637828294,0.03140744436821278,0.023428700157693175,0.04422725163122117,0.029679948937722255,0.03620106304260643
梦子,,,0.0030872137895549268,0.036414406200136765,0.04195023987504184,0.043222941407362374,0.07510293825740418,0.0825219246266888,0.09355728722946938,0.10955664698781234,0.12405038946052505,0.12885645985344438,0.16919770827746913,0.13642652284096748,0.18259780413220342,0.1525491061575811,0.15775102739488692,0.1554294254364035,0.16983264626388928,0.1544456602129621,0.2005622113394977
其他,,,0.0030872137895549268,,,,,,,,,,,,,,,,,,
射命丸文,,,,3.5847959881467975,4.9475064152627475,3.1070645188600103,2.5724334145981462,3.4100971794264043,3.8385843696020885,4.064989829835789,4.263657830346935,4.026764370420136,4.280173276581602,4.0666540760618926,4.131537671657959,4.202251158684617,4.13935840661968,3.7754493156555804,3.791160009828278,3.976563528970751,4.216383584031391
伊吹萃香,,,,1.7074310462730795,1.9061140243222137,2.0314782461460315,1.7892170584852172,1.6838113296989807,1.5291965953588709,1.5066230093763953,1.3764998771249373,1.4554442760495603,1.382001593781984,1.5006917512506424,1.528994256440347,1.954535422644008,1.9158541064609795,1.9005818713289633,2.0350432717245894,2.041870561178485,1.9694210503523706
风见幽香,,,,1.120754501937543,1.9887035590762023,3.3289976987785823,3.6377591270225014,4.363953543493719,3.987947757985978,3.4050205883812077,2.8164032866408095,2.496329859537834,2.4097454858580174,2.309447784858773,2.224754854944088,2.1452218053409844,2.3833967442150565,2.318869883900461,2.248513472931284,2.35680779712876,2.0634605934285664
小野塚小町,,,,0.9589126966036016,1.120857971661274,1.4363315913831187,1.2546608508883992,1.1765442047878645,1.222263039009559,1.0552496237866085,1.0025109251957987,0.8608033998406324,0.8373964702638805,0.8030375566028205,0.892000767312488,0.8962259986757891,0.7780480536670894,0.7194325243545294,0.6516148406999918,0.6650507076785913,0.647041988864977
四季映姬·夜摩仙那度,,,,0.9103601550034193,2.079158763806761,1.8286629056961003,1.823297383408745,1.508452239867267,1.6626935432184644,1.7791999470820725,2.0252374694147943,2.0115338343515146,2.0977872112214335,2.1893597677472627,2.4084020717437173,2.5726771132200397,2.5233026327643677,2.524013868208067,2.2496928663081164,2.2815086674163902,2.298559451119057
梅蒂欣·梅兰可莉,,,,0.3762821974014133,0.40114916880508755,0.4156052058400228,0.5402362617507392,0.589182270680256,0.5739274520684993,0.6336756461775066,0.5724695750659785,0.4605034139024733,0.5155242674079138,0.5481568672232886,0.4858780650184493,0.6046347384683293,0.49680866546082036,0.5880032307869824,0.5106773321685004,0.4523444069582485,0.47102992372678715
宇佐见莲子2,,,,0.3641440620013677,,,,,,,,,,,,,,,,,
玛艾露贝莉·赫恩3,,,,0.10115112833371323,,,,,,,,,,,,,,,,,
毛玉,,,,0.07687485753362205,0.0983208747071293,0.06317199128768347,0.07194735261633678,0.07827447262384452,0.07878508398271106,0.0657339881926874,0.0698357748074067,0.08608033998406325,0.07732864011118706,0.06208632177193729,0.06716241071529322,0.10249393069962481,0.1163503052731519,0.0925719372084462,0.09671025690027027,0.07419987234430564,0.05284522995874732
魂魄妖忌,,,,0.07282881240027353,0.07603480977351333,0.08893951404976487,0.09908538912951644,0.07888125148139369,0.07495525351132927,0.06310462866497991,0.07167355835497002,0.08185553802165524,0.08988628252240548,0.0841433045067045,0.07870595005698423,0.09931582432134188,0.1434749163184266,0.1268578398782411,0.12678478800950066,0.10497907865009169,0.10985150164652986
蕾拉·普莉兹姆利巴,,,,0.056644631866879416,0.04588307486332701,0.04156052058400228,0.04544043323137059,0.04186774117089358,0.03720406743628022,0.04645201832283243,0.05880907352202669,0.052810024530100155,0.05750078367242115,0.06372017234488302,0.06926123605014613,0.05958949459280512,0.05639063875201841,0.07028610047307951,0.07135329929837014,0.07200135760817807,0.05991900089810719
斯塔萨菲雅,,,,0.04450649646683382,0.11143032466807988,0.1022388806366456,0.12306784000162868,0.2760843801848779,0.2762949125782575,0.3365580195465595,0.29312647583635176,0.30154524006687183,0.31790663156821347,0.33248859159445365,0.3872332742803624,0.4187155153387773,0.3376300269582874,0.2931444678267463,0.3679707335717601,0.346266070940093,0.3395410050892741
露娜切露德,,,,0.028322315933439708,0.2910297891331028,0.30754785232161685,0.354687826055976,0.5837212609623134,0.4951423680857882,0.40579782044285695,0.31058541953820346,0.33639985625673796,0.3516139875141155,0.3226854881567794,0.4627909863350673,0.45288015890531896,0.34976472137327874,0.2965730580937258,0.3561767998034345,0.387488222242485,0.4352449648570842
杂鱼妖精,,,,0.024276270800091176,0.02490795492580609,,,,,,,,,,,,,,,,
桑尼米尔克,,,,0.024276270800091176,0.2215497043400647,0.18868476345137034,0.23225110318256081,0.32341313107371417,0.2927084717413223,0.326917034611632,0.2628030473015568,0.26405012265050076,0.2881648469100646,0.290008476697865,0.33371322824161315,0.38613992496137717,0.24626291606894116,0.23714416013274797,0.2742089601135712,0.305043919637701,0.31332644219635225
萨丽爱尔,,,,0.012138135400045588,0.018353229945330805,0.010805735351840593,0.05238272164171888,0.06249822232756577,0.06620135529102804,0.08589241123844488,0.10659144575867338,0.10614814930550132,0.14936985183870322,0.14704655156511465,0.19938840681102674,0.19148090929154712,0.14204730521078054,0.1674294913708317,0.17631930983646837,0.17038489204988702,0.16768998168011945
旧作的一种杂鱼译名未定,,,,0.012138135400045588,0.009176614972665403,,,,,,,,,,,,,,,,
留琴,,,,0.00809209026669706,0.011798504964855516,0.010805735351840593,0.02461356800032574,0.01577625029627874,0.022431864189521897,0.02191132939756247,0.03951234627261168,0.04066371888817712,0.055517998028544555,0.04738166661542583,0.07031064871757259,0.0818362392407857,0.08351524979729309,0.076000417584712,0.07017390592153758,0.06430655603173156,0.10319383488007351
大蛤蟆,,,,0.00809209026669706,0.01573133995314069,0.004156052058400228,0.005048937025707844,0.00546100971794264,0.004924067748919441,0.006135172231317492,0.000918891773781667,,,,,,,,,,
奥莲姬,,,,0.00404604513334853,0.011798504964855516,0.014130576998560775,0.018302396718190932,0.02123726001422138,0.01860203371814011,0.028922954804782457,0.03767456272504835,0.025348811774448074,0.026437141918354553,0.04493089075600726,0.05981652204330802,0.047671595674244095,0.04211452767555805,0.03542876609212138,0.03243331786289552,0.042871037354487704,0.09237512638458194
东风谷早苗,,,,,2.7988675666629477,4.417883338079442,4.5572967828295425,3.9234320929130124,3.7641762347295282,4.008020373402126,3.81983310361039,3.2684124181678986,3.3654481662065345,3.5176802835521315,3.451518263165615,3.7636724784815714,3.7553310186628965,3.53430513354469,3.853667858800404,3.716589161423665,3.9221979337886004
洩矢诹访子,,,,,2.604847707240879,2.2367872178310026,2.6002025682395393,2.291196966105712,2.0188677770569705,1.933455706040912,1.9645906123452042,1.780225926909676,1.859192005408284,1.9467329576648236,2.041107638144458,2.4892518207901126,2.5761242437472713,2.8645871680613633,2.800469573288924,2.7008753533327257,2.4729070995656324
键山雏,,,,,1.4315519357358029,1.6167042507176885,1.7305231655613635,1.8852619104053092,1.7956433724392893,1.4943526649137604,1.3103396694126572,1.1876974516819523,1.3661393086309714,1.2629664928870403,1.319111722955056,1.2791878172588833,1.3026951357270076,1.4582937268886094,1.3905047912855935,1.524669969504473,1.5175319185791454
河城荷取,,,,,1.2244226263527838,1.7588412311149764,1.9817077825903286,2.4817255273761556,2.277107774555857,2.01671875775165,2.055560897949589,1.7886755308344922,1.8624966481480782,1.739233934900717,1.6675167285406396,1.834561906863827,1.692432968114375,1.7754383265842117,1.5509022905348222,1.565892120806865,1.3573318120112894
犬走椛,,,,,1.1116813566886088,1.5094781076109627,1.4269558268906795,1.5794453662005215,2.091634556013225,2.228820426320054,2.4111720144030944,2.3711701014014968,2.7587157591802978,2.582300830540708,2.5122939258189367,2.4423747517104393,2.247773688988683,2.3594415353930516,2.0739632531600645,2.030877987497847,1.9228173829871762
八坂神奈子,,,,,1.0133604819814794,1.3789780729771954,1.5538103696615888,1.3179236785968238,1.218980327176946,1.056126076962511,0.874784968640147,0.69075512085371,0.8215341851128678,0.8291791657699521,0.7188476771871227,0.7365261531670713,0.7245126371303631,0.6982895510414893,0.7589396379917552,0.7073721163490472,0.7215246358147075
因幡天为（因幡帝）,,,,,0.9753430770947227,0.7746881036858024,0.679082029957705,0.7517990045034368,0.6554481292450545,0.7370971209340014,0.8242459210821553,0.7879255659890944,0.8889488970046717,0.8455176714994093,0.7986030399115335,0.7937320679761642,0.839435331295869,0.8297188446090363,0.833831117420623,0.7716786723807787,0.7785309075024901
宇佐见莲子,,,,,0.660716278031909,0.6657995397557165,0.8330746092417942,0.9945105475231097,1.073446769264438,1.65562004927982,2.367984101035356,1.99305032576598,2.1420694239346774,2.187725917174317,2.3213008203473215,2.181770028691238,1.6346147182547108,1.4920081978472408,1.542056840208578,1.7698043625826978,1.5354243980139968
稗田阿求,,,,,0.5414202833872588,0.5394555571803497,0.5421296131353797,0.5090874614837639,0.7079715185668618,0.8378892361627888,0.7213300424186085,0.7345874412136931,0.8446666842914279,0.8014037060298749,0.795454801909254,0.842198190244979,0.6545596928557074,0.5485744427167183,0.6557427175189058,1.6549319676200318,0.6237401551823798
莉莉霍瓦特（莉莉白）,,,,,0.3028282940979583,0.24105101938721318,0.2871582933371336,0.3197724579284191,0.3129518613757689,0.3199054092044121,0.2820997745509718,0.25031951627267474,0.3000615607733242,0.37905333292340665,0.4963721916927139,0.6308541160891635,0.5353541653672633,0.46628827630921044,0.5784924513363728,0.6381189021610285,0.7040482605527596
玛艾露贝莉·赫恩,,,,,0.24907954925806092,0.23190770485873272,0.3225008525170885,0.4399146717231571,0.47654033436764814,0.8142250004134213,1.1311557735252322,1.030323578582254,1.1632342444076003,1.2809388491894431,1.4146082756908633,1.354667843743103,1.0157453030901544,0.953148094220298,1.0390455649894892,1.220175678550804,1.0448375781607442
秋静叶,,,,,0.1573133995314069,0.5868345506461121,0.9340533497559511,0.9562834794975112,0.9213477876867042,0.7879314051363463,0.6781421290508703,0.5687639641891786,0.6880266184251772,0.7352327578255734,0.6128569977770506,0.4949900684175679,0.5153676098602189,0.5337172182264738,0.5148052089874143,0.4116718843398883,0.3898896100106003
秋穰子,,,,,0.12716166462122058,0.5918218131161924,0.9611913862691308,0.9799478549419294,0.9011043980522576,0.7721552479701014,0.6230086226239703,0.5191225411308845,0.6225946921772497,0.5996231602710786,0.5635346024080071,0.4926064886338557,0.5053743321066966,0.49771702042318916,0.4782440143056048,0.4204659432843987,0.39280233922092495
绵月丰姬,,,,,0.04588307486332701,0.11553824722352635,0.11612555159128041,0.16625740696847593,0.17507796440602458,0.24453043607679714,0.21318289151734676,0.2080714966485946,0.23991706290906756,0.21321749976941626,0.2990826102165401,0.2661664091811962,0.3897378323873677,0.3205731899625822,0.3078216713532993,0.27316545596385117,0.6778336976598376
铃仙二号,,,,,0.03670645989066161,0.05319746634752292,0.09214310071916815,0.10193884806826262,0.08863321948054993,0.10868019381190985,0.11026701285380004,0.11195725200381232,0.13416849523564933,0.13724344812744033,0.19099310547161508,0.1938644890752593,0.22627636056189665,0.18800103297270862,0.2293920117939338,0.18687375257084382,
雪,,,,,0.03670645989066161,0.04405415181904242,0.064373947077775,0.07888125148139369,0.05416474523811385,0.0709927072481024,0.09188917737816671,0.08555223973876225,0.08790349687852887,0.0923125573714331,0.12278128208889541,0.09613771794305893,0.09422233310463834,0.078286144429365,0.06899451254470503,0.07694801576446511,0.10652266826330167
野槌,,,,,0.03277362490237644,0.02826115399712155,0.051120487385291916,0.0376202891680493,0.02680881329967251,0.02191132939756247,0.03399899562992168,0.03802321766167211,0.02841992756223114,0.037578563177751524,0.03358120535764661,0.023835797837122048,0.04140072212173503,0.044571673470733354,0.03361271123972808,0.035176235778041194,0.03536885469679939
乌鸦,,,,,0.019664174941425864,,,,,,,,,,,,,,,,
绵月依姬,,,,,0.019664174941425864,0.21278986539009168,0.38435033108200956,0.3701351031050012,0.3605511829486568,0.41719171172958935,0.48149928946159354,0.44677280752464726,0.47586855453038196,0.3913072122204996,0.4995204296949933,0.4544692120944604,0.5389231931363784,0.5131456766245969,0.5030112752190887,0.4320081456490685,0.46936550703517305
月之兔（玉兔）,,,,,0.017042284949235747,0.005818472881760319,0.004417819897494363,0.008494904005688551,0.006565423665225921,0.013146797638537482,0.01837783547563334,,,,,,,,,,
永远亭的妖怪兔,,,,,0.01573133995314069,0.01329936658688073,0.01577792820533701,0.01334913486608201,0.012036610052914188,0.018405516693952476,0.01562116015428834,,,,,,,,,,
前鬼和后鬼,,,,,0.007865669976570344,,,,,,,,,,,,,,,,
月之都的门卫,,,,,0.006554724980475287,0.009974524940160547,0.006942288410348285,0.006674567433041005,0.007659660942763574,0.013146797638537482,0.005513350642690002,0.008449603924816024,0.00528742838367091,0.008986178151201452,0.007345888671985196,0.0055616861619951444,0.008565666645876213,0.005714317111632481,0.007076360260995386,0.007145172892414618,0.007905979285166922
矜羯罗,,,,,0.002621889992190115,0.01662420823360091,0.023351333743898778,0.03458639488030339,0.045410847017812624,0.05696945643366242,0.07626801722387837,0.08238363826695624,0.08922535397444661,0.08741100565259594,0.1133365680820573,0.10249393069962481,0.11135366639639077,0.09314336891960945,0.09847934696551913,0.08849021812913488,0.11318033502975805
神玉,,,,,0.002621889992190115,0.007480893705120411,0.0075734055385617656,0.016383029153827923,0.012583728691683015,0.020158423045757472,0.017458943701851675,0.02270831054794307,0.04031664142549069,0.04166318961011582,0.04827298270161699,0.04290443610681968,0.04211452767555805,0.044571673470733354,0.04068907150072347,0.04726806682674286,0.06408004262714243
幽灵,,,,,0.0013109449960950574,,,,,,,,,,,,,,,,
古明地觉,,,,,,2.9848765883430435,3.4528418084559513,3.709239156198151,3.788796573474125,4.279720857931902,4.708401448857262,4.658372263800135,4.525377767874341,4.387705713645727,4.517721533270895,4.838666960935776,4.5005440168541275,4.342881004840685,5.088492724344099,5.452866174280417,5.619070750889164
永江衣玖,,,,,,2.3490006234078087,1.7753324816645206,1.661360511969661,1.7918135419679075,1.6337087198822577,1.3902832537316623,1.2183272659094104,1.188349529230037,1.0930460333006855,1.1207727288114555,0.9240344294857648,0.7637719425906291,0.9102907158830543,0.7807584154631576,0.6996773147726006,0.6466258846920735
比那名居天子,,,,,,2.1636407016031587,2.24488362505535,2.3949561507466224,2.6031904832620776,3.0395396140298656,3.359468324945775,3.0418574129337688,2.999293750637324,3.815858013114725,3.4273817718148067,2.991392628558817,3.3398961863379,2.9714448980488903,3.030451281771274,2.8619165577540704,2.7762470416123004
灵乌路空,,,,,,1.5934303591906473,2.749777327626134,2.8737046693529273,2.7082372619056923,2.5434671164690514,2.2264747678729795,1.8958798806305954,1.84399064880523,1.7686432452137402,1.7714085826158585,1.702670492165085,1.6246214405011885,1.7582953752493145,1.8646209287722841,1.903364132802448,1.7954895060786982
火焰猫燐,,,,,,1.2459844071083883,0.9611913862691308,1.2263000711068974,1.234846767701242,1.432124489424683,1.2846106997467706,1.1850569504554473,1.2418847416147052,1.1984293952556846,1.3222599609573351,1.3753255352019422,1.2134694414991303,1.172006439595822,1.542056840208578,1.2520541422246538,1.2283395184111976
古明地恋,,,,,,1.2019302552893458,2.071957531924856,2.928921545389903,3.2017382740751743,5.31393560549685,7.2215704501501214,5.763157976969829,5.865079934586958,5.912905223490554,5.8546732715722,7.043478260869565,7.6255847314912995,7.514327001796714,8.344208141090393,8.944107575251007,11.521092339352723
水桥帕露西,,,,,,1.1429143160600626,1.534245738686971,1.5654894524768903,1.472296256926913,1.9422202377999371,2.116207755019179,1.8789806727809633,2.0059181430551516,1.8331803428450961,1.7483215039324764,1.8194659015669832,1.5589513295494708,1.7474381727372128,1.6770973818559065,1.728032582596274,1.5915984613559726
星熊勇仪,,,,,,0.9883091794875741,0.8381235462675021,0.762114245081773,0.7818325348006534,0.8080898281821037,0.827921488177282,0.8048247738387263,0.7917924004547189,0.7572897405603405,0.7083535505128581,0.7516221584639153,0.803031248050895,0.7805757174489969,0.7040978459690409,0.6282255858484544,0.5659016751487902
爱丽丝的人偶（上海、蓬莱、大江户等）1,,,,,,0.33165295426033814,,,,,,,,,,,,,,,
黑谷山女,,,,,,0.3208472189084976,0.3969726736462792,0.6043517421189856,0.6275450786678443,0.6056291445486266,0.5550106313641269,0.5170101401496805,0.5287428383670911,0.5244660339155756,0.5121133817041108,0.3932906643125138,0.4147210267711733,0.382287814768213,0.33966529252777855,0.32428092357881727,0.34203763012669525
琪斯美,,,,,,0.2427134402105733,0.2234154633875721,0.24877933159516474,0.23526101467059551,0.2129781217443072,0.2232907010289451,0.2418699123478587,0.20356599277133006,0.21321749976941626,0.20148723214587963,0.18115206356212757,0.12705738858049717,0.16000087912570948,0.14093750853149145,0.13301014153571827,0.13024060611880245
妖精（女仆妖精、向日葵妖精等）2,,,,,,0.014961787410240821,,,,,,,,,,,,,,,
幽灵（包括怨灵、旧作的一种杂鱼）3,,,,,,0.014961787410240821,,,,,,,,,,,,,,,
幽幻魔眼,,,,,,0.009974524940160547,0.017040162461763975,0.023664375444418108,0.022431864189521897,0.03944039291561244,0.047782372236646685,0.04488852085058513,0.04890871254895592,0.04493089075600726,0.06716241071529322,0.050055175457956305,0.04568355544467314,0.048571695448876094,0.04422725163122117,0.06320729866366778,0.07073770939359877
乌鸦（地狱鸦、紫和文的使魔等）4,,,,,,0.009974524940160547,,,,,,,,,,,,,,,
酒虫,,,,,,0.009143314528480502,0.02776915364139314,0.01820336572647547,0.010942372775376536,0.01577615716624498,0.03308010385614001,0.02429261128384607,0.023793427726519097,0.02042313216182148,0.02308707868338204,0.01668505848598543,0.0199865555070445,0.015428656201407698,0.011204237079909361,0.007694801576446511,0.007905979285166922
岩笠,,,,,,0.007480893705120411,0.010728991179629168,0.013955913723631192,0.02516745738336603,0.022787782573464966,0.022972294344541677,0.01425870662312704,0.02445435627447796,0.01715543101593004,0.02098825334852913,0.01668505848598543,0.014989916630283375,0.016571519623734196,0.01061454039149308,0.014290345784829236,0.022053521163886675
依莉斯,,,,,,0.005818472881760319,0.013253459692483089,0.026091490874614837,0.028450169215978992,0.04382265879512494,0.05145793933177336,0.0649563301720232,0.07865049720710479,0.08822793093906879,0.12278128208889541,0.1072610902670492,0.1006465830890455,0.08685762009681372,0.11263206748750991,0.07639838708043321,0.13232112698332005
木花咲耶姬,,,,,,0.005818472881760319,0.005680054153921324,0.0103152405783361,0.004376949110150613,0.005258719055414992,0.007351134190253336,0.0063372029436120185,0.011896713863259549,0.008169252864728593,0.009444714006838108,0.00794526594570735,0.010707083307345266,0.010285770800938468,0.012383630456741927,0.010442944996605981,0.008322083458070444
菊理,,,,,,0.0024936312350401367,0.02776915364139314,0.012742356008532827,0.015866440524295977,0.019281969869854972,0.01562116015428834,0.03062981422745809,0.027758999014272277,0.026958534453604355,0.03777885602735243,0.04290443610681968,0.030693638814389766,0.030285880691652153,0.028305441043981545,0.02693180551756279,0.03204002131357121
圣白莲,,,,,,,2.7358927508054376,2.427722209054278,2.0566189631320198,2.355906136825917,2.123558889209433,1.649785166320329,1.5498774449635357,1.560327297163161,1.4618318457250536,1.519929375413816,1.2884190246505471,1.139434832059517,1.1693685331294874,1.1470750635745621,1.1372127045453262
多多良小伞,,,,,,,2.0864732258737666,1.5539606541834559,1.5899267642622104,1.8808685154867621,2.4203609321409107,2.3109666734371825,2.688657333096658,2.5447222673629564,2.655014048588935,2.541690576031781,2.725309604496282,2.3400128572135013,2.5964345190968907,2.6415154554572813,2.6002349764741104
娜兹玲,,,,,,,1.9608809173592836,1.75116378288694,1.3273098176531737,1.2051231168659358,1.2983940763534956,1.2695529897036075,1.3648174515350537,1.1633016079373515,1.1742927748502048,1.1131317589935998,0.8615633034643824,1.1137204050571707,1.1699582298179039,0.9761405428406431,0.8971205967799939
寅丸星,,,,,,,1.3619507626846907,1.4556624792604882,1.1090094807844117,1.0692728746010485,0.929918475067047,0.8079933753105323,0.757424115960858,0.6576248556106516,0.6579817424763882,0.6086073714411829,0.46468741553878457,0.4434310078626806,0.43991372955854646,0.3797934206660385,0.365755567982196
封兽鵺,,,,,,,1.1252818396046358,1.4040862763688078,1.5007464261428918,1.653867142928015,1.782650041136434,1.6999546896239237,1.7626964374062897,1.6028074120597497,1.5342413197774794,1.403133966011918,1.404055524369876,1.2657212402265947,1.1440115755275873,1.0349508120320559,1.0739648702639908
村纱水蜜,,,,,,,1.113921731296793,0.9441479023465276,0.7626833824437446,0.8378892361627888,0.7626801722387836,0.689170820117807,0.7250386171108736,0.8063052577487121,0.7996524525789598,0.8549106157581108,1.1513683583165277,0.9794339529338073,0.9376177345818887,0.8046563934226924,0.7623028447592527
云居一轮,,,,,,,0.4947958285193687,0.6067788575491823,0.4442603346802873,0.6634750541581915,0.772787981750382,0.48004312297861035,0.5075931248324074,0.57429847639042,0.4239627176402884,0.3789891856102406,0.34191286028122553,0.27714437991417534,0.2582871495263316,0.23579070544968236,0.2929373377240796
爱丽丝的人偶（上海、蓬莱、大江户等）,,,,,,,0.289051644721774,0.26576913960654186,0.2516745738336603,0.20421358998528222,0.20583175732709344,0.23870131087605267,0.2504919196764094,0.22547137906650913,0.21093194615271776,0.23041271242551314,0.28623602708303014,0.27085863109137964,0.2806956236861503,0.279211371488202,0.24591756618598162
云山,,,,,,,0.20448194954116766,0.1887082246977957,0.09574576178454468,0.12270344462634981,0.10934812108001837,0.09611424464478227,0.10310485348158276,0.09884795966321595,0.0797553627244107,0.1072610902670492,0.1163503052731519,0.08914334694146671,0.08786480657402604,0.07584875839640132,0.06907329270198469
核热造神非想天则,,,,,,,0.19059737272047111,0.1061863000711069,0.07604949078886691,0.0639810818408824,0.09097028560438503,0.0712935331156352,0.06477099769996865,0.0400293390371701,0.03882826869477889,0.061178547781946584,0.04568355544467314,0.05485744427167182,0.04540664500805373,0.045619180774647175,0.03287222965937825
大鲶鱼,,,,,,,0.13695241682232526,0.0582507703247215,0.04048677926889318,0.03330522068429495,0.048701264010428354,0.049641423058294144,0.055517998028544555,0.08659408036612307,0.057717696708455106,0.07786360626793203,0.0877980831202312,0.0771432810070385,0.07371208605203527,0.06705469945189103,0.049516396575519143
飞碟（红、蓝、绿、其他）,,,,,,,0.05995612718028064,0.046721972031287036,0.02680881329967251,0.029799407980684957,0.03859345449883002,0.04224801962408012,0.040977569973449555,0.05391706890720871,0.04512474469933763,0.06832928713308321,0.07423577759759385,0.05371458084934532,0.054252095334297964,0.05551249708722126,0.05991900089810719
妖精（女仆妖精、向日葵妖精等）,,,,,,,0.04102261333387623,0.047328750888836216,0.06620135529102804,0.051710737378247426,0.049620155784210015,0.051225723794197146,0.05750078367242115,0.05391706890720871,0.05561887137360219,0.07627455307879055,0.05210780542908029,0.03257160753630515,0.05071391520380027,0.046718438142710955,0.40403715188932005
咪咪号,,,,,,,0.017040162461763975,0.020023702299123015,0.026261694660903685,0.024540688925269966,0.02572896966588668,0.029045513491555083,0.02114971353468364,0.02940931031302293,0.04407533203191117,0.030192010593687927,0.037831694352619946,0.038285924647937626,0.041868464877556036,0.04122215130239203,0.03037560462195712
毘沙门天,,,,,,,0.016409045333550493,0.009708461720786916,0.006018305026457094,0.0035058127036099946,0.00918891773781667,0.0063372029436120185,0.007270214027547502,0.006535402291782873,0.004197650669705826,0.0055616861619951444,0.00642424998440716,0.010285770800938468,0.005896966884162822,0.005496286840318936,0.007905979285166922
命莲,,,,,,,0.011360108307842648,0.01092201943588528,0.010395254136607707,0.01577615716624498,0.01286448483294334,0.016899207849632048,0.023132499178560233,0.024507758594185778,0.013642364676543933,0.014301478702273229,0.011420888861168285,0.012000065934428211,0.011204237079909361,0.013191088416765449,0.012067021014202144
乌鸦（地狱鸦、紫和文的使魔等）,,,,,,,0.010728991179629168,0.012742356008532827,0.013130847330451842,0.007011625407219989,0.01286448483294334,0.02059590956673906,0.020488784986724778,0.012253879297092889,0.022037666015955585,0.011917898918561024,0.03283505547585882,0.04342881004840686,0.03597149799339321,0.042871037354487704,0.02871118793034303
幽灵（包括怨灵、旧作的一种杂鱼）,,,,,,,0.0075734055385617656,0.00546100971794264,0.008206779581532401,0.013146797638537482,0.00643224241647167,,,,,,,,,,
大天狗,,,,,,,0.003155585641067402,,,,,,,,,,,,,,
水江浦岛子（瑞江浦岛子）,,,,,,,0.0018933513846404414,0.0030338942877459114,0.004376949110150613,0.007011625407219989,0.0,0.002112400981204006,0.007931142575506365,0.0008169252864728591,0.010494126674264566,0.0015890531891414698,0.004282833322938107,0.004000021978142737,0.002948483442081411,0.010992573680637873,0.007073770939359878
姬海棠果,,,,,,,,1.168656079639725,1.0056040580571035,0.9868862760662135,0.8674338344498937,0.8074652750652314,1.0224564636923623,0.9549856598867724,0.9717561300368986,0.8135952328404326,0.7651995536982751,0.686289485107061,0.6752027082366431,0.640867045581188,0.6353910720236784
茨木华扇,,,,,,,,0.5600568855178952,1.9264047271050388,1.790593838368805,1.959996153476296,1.6682686749058637,1.5472337307717001,1.3658990789826206,1.338001150968732,1.8186713749724122,1.563234162872409,1.6360089890603795,1.4518332468808868,1.3894613132326272,1.2595473313789618
河童,,,,,,,,0.02123726001422138,0.012036610052914188,,,,,,,,,,,,
天狗（大天狗等）1,,,,,,,,0.016989808011377103,,,,,,,,,,,,,
妖怪狸,,,,,,,,0.012742356008532827,0.0032827118326129606,0.005258719055414992,0.005513350642690002,,,,,,,,,,
物部布都,,,,,,,,,2.450544383045575,1.71521886524119,2.180530179183896,1.815608643344843,1.7342765098440587,1.6959368947176559,1.5982554924904933,1.701875965570514,1.843759745524855,1.754866784982335,1.6293319500941876,1.6307483055226284,1.4859080014384778
霍青娥,,,,,,,,,1.2824460892741298,1.2235286335598883,1.1688303362502805,0.9891317594487758,1.0165081067607327,1.0170719816587097,0.974904368039178,1.040035312293092,0.9465061643693216,1.0097198336254596,0.902825629965328,0.8508252028813714,0.7573095946844104
丰聪耳神子,,,,,,,,,1.2370352422563171,1.6968133485472376,1.953563911059824,1.715797696982954,1.5022905895104974,1.664893733831687,1.6077002064973311,2.044316927830501,2.27061546671102,2.085725745745856,1.920642114171831,1.8165228007254084,1.6444436913147198
宫古芳香,,,,,,,,,0.8256020259021596,0.5574242198739892,0.5154982850915152,0.5053919347530584,0.5227944814354613,0.5383537637856143,0.5026686676972727,0.5585521959832266,0.5517716931051928,0.5720031428744115,0.5030112752190887,0.45344366432631233,0.43233223564675954
幽谷响子,,,,,,,,,0.7878508398271105,0.7397264804617089,0.7222489341923903,0.7145196318922551,0.7296651169465856,0.7556558899873947,0.7545277078796222,0.5847715736040608,0.440418026708802,0.35428766092121383,0.357356193180267,0.3083416917418923,0.35951400538864314
二岩猯藏,,,,,,,,,0.7101599931219371,0.9833804633626035,1.234071652188779,0.8454884927269034,0.863172683634276,0.9018855162660365,0.7219959151894021,0.7095122489516663,0.6881085538853892,0.7074324584201012,0.7677850883179994,0.7112195171372704,0.6295656136030291
苏我屠自古,,,,,,,,,0.5164799949977724,0.5670652048089166,0.5494972807214369,0.5782697686045967,0.7329697596863799,0.7842482750139449,0.8195912932600624,0.8890752593246525,0.7651995536982751,0.7348611805559372,0.6722542247945617,0.5831560337578392,0.534693862181026
降神的神灵（天照、伊豆能卖等）,,,,,,,,,0.028997287854747818,0.00788807858312249,0.007351134190253336,0.007921503679515022,0.009913928219382957,0.006535402291782873,0.007345888671985196,0.011917898918561024,0.00999327775352225,0.011428634223264962,0.010024843703076797,0.015389603152893023,0.010818708495491578
妖怪狐,,,,,,,,,0.009848135497838882,0.008764531759024986,0.021134510796978343,,,,,,,,,,
天狗（大天狗等）,,,,,,,,,0.007659660942763574,0.005258719055414992,0.005513350642690002,,,,,,,,,,
雷兽（务光）,,,,,,,,,0.004924067748919441,0.01577615716624498,0.021134510796978343,,,,,,,,,,
大鹫（久米、竿打）,,,,,,,,,0.004376949110150613,0.006135172231317492,0.014702268380506672,,,,,,,,,,
子龙,,,,,,,,,0.0021884745550753066,0.006135172231317492,0.002756675321345001,,,,,,,,,,
秦心,,,,,,,,,,3.1841543880537775,3.272173606436516,2.97901348374295,2.9536896808281625,2.9785095944800446,2.859649518737094,2.954844405208563,3.114333631329827,2.8377298776366904,2.747986568019875,2.8773061609069632,2.799964979467801
少名针妙丸,,,,,,,,,,1.7213540374725074,1.9884817984635275,1.2737777916660156,1.02377832078828,1.0236073839504927,0.9014454813193261,0.8795409401898037,0.7773342481132663,0.6280034505684098,0.5749542712058751,0.5287427940386817,0.5355260705268331
今泉影狼,,,,,,,,,,1.4540358188222453,1.2708273231400455,1.1982594565879725,1.4342149490707345,1.409196119165682,1.3967682603446137,1.1655705142352681,0.838721525742046,0.7994329639173842,0.8049359796882252,0.5946982361225089,0.58004921702751
本居小铃,,,,,,,,,,1.0184385903987034,0.9574852282804971,0.9125572238801306,1.0244392493362389,1.10856761374367,1.0053373353945454,1.0352681527256675,0.803031248050895,0.7211468194880192,0.7842965955936553,0.7205632047658126,0.6894846145011363
赤蛮奇,,,,,,,,,,1.010550511815581,0.9914842239104188,0.9590300454666187,0.9867663221025837,0.910871694417238,0.9129890206610172,0.8636504082983889,0.839435331295869,0.7914329199610987,0.8574189849572744,0.8233437686797767,0.7739537616005513
鬼人正邪,,,,,,,,,,0.970233665724066,2.116207755019179,2.009949533615612,2.0118664999867812,2.0872441069381553,1.910980467383577,1.8480688589715295,2.090022661593796,1.8771531711712701,1.7413743208932813,1.7445214431172305,1.6789803376657122
堀川雷鼓,,,,,,,,,,0.9290403664566486,0.8150570033443386,0.8153867787447464,0.810298399797567,0.9018855162660365,0.7965042145766805,0.6411829618185831,0.5924586096731047,0.543431557316249,0.495345218269677,0.43255777433310033,0.4989089033113231
若鹭姬,,,,,,,,,,0.6152701294835541,0.5145793933177336,0.47951502273330937,0.5095759104762839,0.5350860626397228,0.5435957617269045,0.5585521959832266,0.4725392766308378,0.45600250550827204,0.40807010838406726,0.38528970750635744,0.4294195064364349
九十九弁弁,,,,,,,,,,0.3768748656380745,0.32712547146627347,0.26405012265050076,0.35690141589778646,0.47545051672720406,0.40927094029631805,0.3662767600971088,0.32620913809711916,0.2548585431788087,0.2588768462147479,0.22864553255726777,0.26713887900406125
九十九八桥,,,,,,,,,,0.23576590431777217,0.24626299537348678,0.2376451103854507,0.3192284886641312,0.3038962065679036,0.30328026088624593,0.19227543588611787,0.22127972168513552,0.1617151742591992,0.14978295885773568,0.14949900205667507,0.1577034815304349
地精,,,,,,,,,,0.0683633477203949,0.04043123804639335,0.03855131790697311,0.026437141918354553,0.024507758594185778,0.019938840681102674,0.017479585080556168,0.017131333291752426,0.014285792779081204,0.018280597340904748,0.017588117889020597,0.018308583607754975
卓柏卡布拉,,,,,,,,,,0.027170048452977463,0.03216121208235835,0.032214114963361094,0.027098070466313417,0.027775459740077214,0.02623531668566141,0.03575369675568307,0.03497647213732787,0.02685729042467266,0.03420240792814437,0.035176235778041194,0.02496625037421133
河童（山童）1,,,,,,,,,,0.018405516693952476,,,,,,,,,,,
邪龙,,,,,,,,,,0.012270344462634983,0.023891186118323342,,,,,,,,,,
仙台四郎（福神）,,,,,,,,,,0.00788807858312249,0.011945593059161671,0.01056200490602003,0.009252999671424093,0.004901551718837155,0.012592952009117477,0.00794526594570735,0.00642424998440716,0.00971433908977522,0.007076360260995386,0.006595544208382724,0.010818708495491578
运松翁,,,,,,,,,,0.00788807858312249,0.022972294344541677,0.012674405887224037,0.01057485676734182,0.008169252864728593,0.009444714006838108,0.008739792540278084,0.008565666645876213,0.005142885400469234,0.006486663572579104,0.00604591552435083,0.004161041729035222
座敷童子,,,,,,,,,,0.004382265879512493,0.00643224241647167,0.004752902207709014,0.00528742838367091,0.006535402291782873,0.0062964760045587384,0.0031781063782829397,0.004996638876761125,0.0028571585558162405,0.007076360260995386,0.009893316312574086,0.004577145901938744
烟烟罗,,,,,,,,,,0.0035058127036099946,0.008270025964035003,0.004752902207709014,0.00528742838367091,0.0032677011458914365,0.0010494126674264566,0.003972632972853675,0.002855222215292071,0.003428590266979489,0.003538180130497693,0.004397029472255149,0.0012483125187105666
野铁炮,,,,,,,,,,0.0035058127036099946,0.003675567095126668,,,,,,,,,,
沓颊,,,,,,,,,,0.0008764531759024986,0.00643224241647167,0.0031686014718060092,0.003965571287753183,0.004084626432364296,0.0010494126674264566,0.0055616861619951444,0.0014276111076460356,0.005714317111632481,0.003538180130497693,0.002748143420159468,0.005825458420649311
宇佐见堇子,,,,,,,,,,,1.2533683794381938,1.0213458744121369,1.02377832078828,1.1436954010620028,1.2330598842260865,0.9248289560803354,0.9914759142601718,0.8605761570118518,0.7153020830489503,0.6133856113795934,0.5600762167281409
易者,,,,,,,,,,,0.11853703881783505,0.5719325656609846,0.912742324731191,0.9484502575949896,0.793355976574401,0.5434561906863826,0.3697512768803232,0.35885911461051984,0.2783368369324852,0.25502770939079866,0.17268323175496172
万岁乐,,,,,,,,,,,0.03491788740370335,0.01742730809493305,0.02445435627447796,0.015521580442984323,0.013642364676543933,0.0182741116751269,0.011420888861168285,0.014857224490244451,0.013563023833574491,0.012641459732733555,0.014563646051623276
河童（山童）,,,,,,,,,,,0.02756675321345001,,,,,,,,,,
八尺大人,,,,,,,,,,,0.02756675321345001,,,,,,,,,,
阿菊,,,,,,,,,,,0.023891186118323342,,,,,,,,,,
年幼的妖狐,,,,,,,,,,,0.021134510796978343,,,,,,,,,,
雷蜥蜴,,,,,,,,,,,0.016540051928070006,,,,,,,,,,
蟒蛇,,,,,,,,,,,0.01286448483294334,0.025348811774448074,0.030402713206107736,0.022873908021240057,0.025185904018234954,0.0182741116751269,0.007851861092053195,0.008571475667448723,0.01061454039149308,0.005496286840318936,0.0066576667664563546
尼西号,,,,,,,,,,,0.01286448483294334,,,,,,,,,,
人面犬,,,,,,,,,,,0.010107809511598337,,,,,,,,,,
小铃的父母,,,,,,,,,,,0.007351134190253336,0.004752902207709014,0.006609285479588638,0.007352327578255733,0.005247063337132283,0.007150739351136614,0.00642424998440716,0.004571453689305985,0.011204237079909361,0.007694801576446511,0.004161041729035222
彭祖,,,,,,,,,,,0.005513350642690002,,,,,,,,,,
绿色小人,,,,,,,,,,,0.001837783547563334,,,,,,,,,,
稀神探女,,,,,,,,,,,,2.9916878896301737,2.4282514852008656,2.105216463240558,1.9477099107435034,1.6828073273008164,1.815207523371934,1.8674388320814952,1.721914330175544,1.5010359360911014,1.4817469597094426
克劳恩皮丝,,,,,,,,,,,,2.28825836288924,1.8763761476552143,1.559510371876688,1.4975118764175532,1.369763849039947,1.1485131361012357,1.1365776735037005,0.8898523028201697,0.8618177765620093,0.7173635940856723
纯狐,,,,,,,,,,,,1.8245863475149602,2.0601142839877786,2.0937795092299383,2.2037666015955586,2.1849481350695212,2.1756793280525586,2.01258248671696,2.053913565753911,2.042420189862517,2.0688699476763124
赫卡提亚·拉碧斯拉祖利,,,,,,,,,,,,1.2896207990250457,1.4765143761401016,1.4541270099216894,1.6948014578937272,1.5366144338998013,1.760958301281385,1.9571536107341247,1.6688416282180787,1.6554815963040637,1.6931278795444318
哆来咪·苏伊特,,,,,,,,,,,,0.7393403434214021,0.757424115960858,2.1427950264183098,1.641281411854978,1.2672699183403222,1.1770653582541564,1.086863114632498,0.9735892325752818,0.8805051518190936,0.8713221380599754
铃瑚,,,,,,,,,,,,0.44941330875115226,0.44877048406406855,0.3798702582098796,0.3284661649044809,0.287618627234606,0.24198008274600305,0.2388584552662377,0.21288050451827786,0.18302635178262058,0.18391804442335682
清兰,,,,,,,,,,,,0.30154524006687183,0.5108977675722017,0.44359043055476255,0.4606921610002144,0.5077024939306995,0.3718926935417923,0.2560014066011352,0.4522973600152884,0.3292275817351043,0.29376954606988664
蓬莱人形封面和碟面的少女（夹克子&Label子）,,,,,,,,,,,,0.16687967751511648,,,,,,,,,
嫦娥,,,,,,,,,,,,0.11037295126790932,0.08790349687852887,0.04084626432364296,0.03882826869477889,0.041315382917678216,0.044255944337027106,0.037714492936774376,0.031253924486062956,0.03572586446207309,0.02704677123872894
河童（含山童）1,,,,,,,,,,,,0.04330422011468213,,,,,,,,,
狐（妖怪狐、年幼的妖狐等）2,,,,,,,,,,,,0.029045513491555083,,,,,,,,,
华扇的宠物（久米、竿打、雷兽（务光）、彭祖、人面犬等）2,,,,,,,,,,,,0.026933112510351076,,,,,,,,,
龙（子龙、邪龙等）2,,,,,,,,,,,,0.024820711529147072,,,,,,,,,
兔子（玉兔、永远亭的妖怪兔等）2,,,,,,,,,,,,0.02376451103854507,,,,,,,,,
都市传说的怪异（阿菊、八尺大人等）2,,,,,,,,,,,,0.022180210302642063,,,,,,,,,
天狗（香霖堂的天狗、大天狗等）3,,,,,,,,,,,,0.01373060637782604,,,,,,,,,
幽灵（包括怨灵、神灵、旧作的一种杂鱼）4,,,,,,,,,,,,0.007921503679515022,,,,,,,,,
狸（妖怪狸、野铁炮等）2,,,,,,,,,,,,0.005809102698311017,,,,,,,,,
抗抑郁药大叔（长相酷似周杰伦的村民）,,,,,,,,,,,,,0.34764841622636233,0.21893597677472626,0.17105426479051242,0.16526153167071286,0.15418199962577184,0.15142940345826078,0.14093750853149145,0.10168130654590032,0.07156991773940581
蓬莱人形封面的少女（夹克子）1,,,,,,,,,,,,,0.1500307803866621,,,,,,,,
蛞蝓（蛞蝓卫门）,,,,,,,,,,,,,0.07005842608363956,0.0661709482043016,0.04512474469933763,0.040520856323107486,0.037117888798796926,0.05200028571585558,0.03007453110923039,0.03297772104191362,0.025798458720018378
蓬莱人形碟面的少女（Label子）1,,,,,,,,,,,,,0.06873656898772183,,,,,,,,
都市传说的怪异（阿菊、八尺大人等）,,,,,,,,,,,,,0.06080542641221547,0.035127787318332944,0.03882826869477889,0.019068638269697638,0.01927274995322148,0.03485733438095814,0.014742417210407055,0.009893316312574086,0.011234812668395098
河童（含山童）,,,,,,,,,,,,,0.04229942706936728,0.02859238502655007,0.025185904018234954,0.026219377620834254,0.023555583276159586,0.024000131868856422,0.025946654290316416,0.021985147361275745,0.014979750224526798
龙（子龙、邪龙等）,,,,,,,,,,,,,0.04031664142549069,0.035127787318332944,0.02623531668566141,0.022246744647980578,0.024269388829982606,0.020571541601876936,0.0165115072756559,0.018687375257084384,0.015811958570333844
狐（妖怪狐、年幼的妖狐等）,,,,,,,,,,,,,0.033046427397943196,0.035127787318332944,0.02623531668566141,0.030986537188258664,0.0199865555070445,0.016571519623734196,0.02181877747140244,0.02528291946546711,0.019973000299369065
兔子（玉兔、永远亭的妖怪兔等）,,,,,,,,,,,,,0.031063641754066597,0.027775459740077214,0.024136491350808496,0.025424851026263517,0.023555583276159586,0.023428700157693175,0.024177564225067567,0.02748143420159468,0.029959500449053596
狸（妖怪狸、野铁炮等）,,,,,,,,,,,,,0.02511528482243682,0.01715543101593004,0.0062964760045587384,0.010328845729419554,0.005710444430584142,0.008571475667448723,0.007076360260995386,0.004946658156287043,0.005409354247745789
华扇的宠物（久米、竿打、雷兽（务光）、彭祖、人面犬等）,,,,,,,,,,,,,0.019827856438765914,0.022056982734767198,0.012592952009117477,0.02304127124255131,0.027838416599097693,0.02800015384699916,0.028895137732397824,0.019237003941116278,0.022885729509693722
袈裟罗婆娑罗,,,,,,,,,,,,,0.017845070794889322,0.013887729870038607,0.015741190011396847,0.0158905318914147,0.01641752773792941,0.01942867817955044,0.01061454039149308,0.012641459732733555,0.011650916841298622
盐家老板,,,,,,,,,,,,,0.016523213698971598,0.008169252864728593,0.002098825334852913,0.0055616861619951444,0.008565666645876213,0.006857180533958978,0.00825575363782795,0.003297772104191362,0.008322083458070444
天狗（香霖堂的天狗、大天狗等）,,,,,,,,,,,,,0.014540428055095004,0.022056982734767198,0.02098825334852913,0.0158905318914147,0.01284849996881432,0.014285792779081204,0.007666056949411668,0.020885889993211962,0.012483125187105665
幽灵（包括怨灵、神灵、旧作的一种杂鱼）,,,,,,,,,,,,,0.005948356931629774,0.01062002872414717,0.005247063337132283,0.010328845729419554,0.009279472199699232,0.007428612245122226,0.01592181058723962,0.010992573680637873,0.009570395976781011
睡鼠,,,,,,,,,,,,,0.003304642739794319,0.02124005744829434,0.008395301339411652,0.0031781063782829397,0.00642424998440716,0.03942878807026412,0.005896966884162822,0.005496286840318936,0.004161041729035222
依神紫苑,,,,,,,,,,,,,,3.3044627837827156,2.713781157964817,1.9648642683734276,1.9922313007200427,1.9497249984890028,1.872286985721696,1.8533479225555456,1.6914634628528178
摩多罗隐岐奈,,,,,,,,,,,,,,1.4165484467439378,1.384175308335496,1.53502538071066,1.4047693299236992,1.4245792559299777,1.4317835594747332,1.39605685744101,1.4272373130590812
高丽野阿吽,,,,,,,,,,,,,,1.3675329295555663,0.9916949707180014,0.6205252703597439,0.47610830439995283,0.47028829828735325,0.5672882142564635,0.5908508353342856,0.4593790068854885
依神女苑,,,,,,,,,,,,,,1.1379769240566928,1.668566141208066,1.0789671154270581,0.6938189983159733,0.8217188006527509,0.7589396379917552,0.7821216173773847,0.6553640723230474
矢田寺成美,,,,,,,,,,,,,,0.7744451715762706,0.4669886370047731,0.3162215846391525,0.2120002494854363,0.1971439403513206,0.1786780965901335,0.15499528889699402,0.15811958570333842
丁礼田舞,,,,,,,,,,,,,,0.6519063786053416,0.5110639690366843,0.3289340101522843,0.4611183877696695,0.3748592025230908,0.31253924486062956,0.28800543043271226,0.2692193998685789
尔子田里乃,,,,,,,,,,,,,,0.5710307752445285,0.4753839383441848,0.32019421761200617,0.41115199900205823,0.32228748509607197,0.2346992819896803,0.21050778598421527,0.22219962833048085
爱塔妮缇拉尔瓦,,,,,,,,,,,,,,0.4811689937325141,0.4900757156881552,0.3321121165305672,0.24269388829982608,0.2851444238704608,0.2258538316634361,0.24788253649838402,0.24383704532146402
坂田合欢,,,,,,,,,,,,,,0.26713456867662494,0.22772254883154108,0.12156256896932244,0.1370506663340194,0.10285770800938467,0.1026072237844331,0.09618501970558138,0.1685221900259265
蓬莱人形封面的少女（夹克子）,,,,,,,,,,,,,,0.02042313216182148,0.20778370815043837,0.20339880821010814,0.17345474957899332,0.18800103297270862,0.23351988861284775,0.289654316484808,0.32123242148151915
蓬莱人形碟面的少女（Label子）,,,,,,,,,,,,,,0.07760790221492161,0.0818541880592636,0.09295961156477599,0.06495630539789463,0.07085753218424276,0.07371208605203527,0.10387982128202791,0.10028110566974885
旧作的无名道中Boss,,,,,,,,,,,,,,0.04738166661542583,0.03987768136220535,0.04608254248510262,0.05924586096731047,0.05200028571585558,0.04127876818913975,0.028031062885626574,0.037033271388413475
村里的人类（在文花帖、求闻史记、铃奈庵等登场的人类）,,,,,,,,,,,,,,0.01960620687534862,0.014691777343970392,0.01986316486426837,0.023555583276159586,0.022857268446529924,0.02122908078298616,0.014839974468861128,0.018308583607754975
埴安神袿姬,,,,,,,,,,,,,,,,1.7614654601633193,1.2912742468658391,1.0800059340985388,0.9464631849081329,0.8013586213185009,0.7972555952831485
吉吊八千慧,,,,,,,,,,,,,,,,1.3769145883910836,0.9736307754145963,0.8674333375458108,1.2678478800950066,0.7612357273841728,0.6150019675514058
庭渡久侘歌,,,,,,,,,,,,,,,,1.0749944824542044,0.8073140813738332,0.907433557327238,0.7400693439624341,0.5985456369107323,0.5509219249242634
杖刀偶磨弓,,,,,,,,,,,,,,,,0.8668285146766719,0.7352197204377083,0.49428843015620966,0.3768161838980043,0.32153278015865777,0.2792059000182634
骊驹早鬼,,,,,,,,,,,,,,,,0.752416685058486,0.5496302764437238,0.4971455887120259,0.706456632722706,0.4144200277600478,0.35327244279509035
奥野田美宵,,,,,,,,,,,,,,,,0.5426616640918119,0.5182228320755109,0.4222880345496404,0.5696470010101286,0.5534760848201169,0.5113920284984288
水獭灵,,,,,,,,,,,,,,,,0.2343853453983668,0.09279472199699232,0.08685762009681372,0.096120560211854,0.06540581339979534,0.049516396575519143
牛崎润美,,,,,,,,,,,,,,,,0.1938644890752593,0.1277711941343202,0.11028632025450691,0.10378661716126567,0.09783390575767707,0.09986500149684532
戎璎花,,,,,,,,,,,,,,,,0.18274111675126903,0.10635702751962965,0.14800081319128128,0.12678478800950066,0.129162740747495,0.15062971059107505
影华扇（断善修恶的怪臂 - 茨木童子之臂）,,,,,,,,,,,,,,,,0.09852129772677114,0.08922569422787723,0.07942900785169149,0.09788965027710284,0.129162740747495,0.2155419615640245
野狼灵,,,,,,,,,,,,,,,,0.0770690796733613,0.027838416599097693,0.02857158555816241,0.028305441043981545,0.01813774657305249,0.017892479434851453
大鹫灵,,,,,,,,,,,,,,,,0.05243875524166851,0.03354886102968183,0.022857268446529924,0.025946654290316416,0.01813774657305249,0.009154291803877487
天弓千亦,,,,,,,,,,,,,,,,,1.3091193857114147,1.0782916389650492,0.8585983783341069,0.873909607610711,1.0269450987258928
菅牧典,,,,,,,,,,,,,,,,,1.005752025336632,1.0160055824482552,1.1752655000136503,0.8535733463015308,0.768960511525709
饭纲丸龙,,,,,,,,,,,,,,,,,0.9779136087375344,0.9200050549728295,0.8515220180731115,0.9233761891735813,1.4488747300500642
姬虫百百世,,,,,,,,,,,,,,,,,0.8894017200634801,0.5942889796097781,0.47470583417510714,0.42816074486084515,0.4036210477164165
豪德寺三花,,,,,,,,,,,,,,,,,0.5453474431207856,0.3537162292100506,0.2977968276502225,0.23414181939758671,0.27462875411632465
玉造魅须丸,,,,,,,,,,,,,,,,,0.3968758879255979,0.20742971115225908,0.1356302383357449,0.1132235089105701,0.1368982728852588
山城高岭,,,,,,,,,,,,,,,,,0.25411477716099434,0.2137154599750548,0.13975811515465886,0.14510197258441992,0.15021360641817152
驹草山如,,,,,,,,,,,,,,,,,0.12206074970373605,0.09942911774240518,0.3626634633760136,0.12476571127523986,0.11567696006717917
饕餮尤魔,,,,,,,,,,,,,,,,,,1.059434392496662,2.043888722050834,1.5406092013413981,1.2008766429995652
宫出口瑞灵,,,,,,,,,,,,,,,,,,0.12514354474475134,0.14683447541565425,0.2786617428041701,0.5022377366945513
豫母都日狭美,,,,,,,,,,,,,,,,,,,1.1245515848098502,0.6216300416400717,0.4560501735022603
日白残无,,,,,,,,,,,,,,,,,,,0.8273444538480439,0.5567738569243083,0.40320494354351305
三头慧之子,,,,,,,,,,,,,,,,,,,0.7949111359851484,0.3132883498981794,0.23343444099887595
天火人血枪,,,,,,,,,,,,,,,,,,,0.7725026618253297,0.43090888828100465,0.35701738035122205
孙美天,,,,,,,,,,,,,,,,,,,0.7483250976002621,0.3198838941065621,0.19182402370852372
鲵吞亭的常客,,,,,,,,,,,,,,,,,,,0.02948483442081411,0.03187846367384983,0.030791708794860644
莱卡,,,,,,,,,,,,,,,,,,,0.0165115072756559,0.010992573680637873,0.007489875112263399
鲵吞亭店主,,,,,,,,,,,,,,,,,,,0.011793933768325644,0.008244430260478405,0.009154291803877487
C62社团Cut的少女（冴月麟）,,,,,,,,,,,,,,,,,,,,0.23084404729339533,0.28919240016794795
道神驯子,,,,,,,,,,,,,,,,,,,,,0.863832262947712
先代巫女,,,,,,,,,,,,,,,,,,,,,0.39321844339382844
封兽魑魅,,,,,,,,,,,,,,,,,,,,,0.21262923235369985
Reisen（铃仙二号）,,,,,,,,,,,,,,,,,,,,,0.1764281693110934
尘塚姥芽,,,,,,,,,,,,,,,,,,,,,0.08322083458070444
