角色名,score_1,score_2,score_3,score_4,score_5,score_6,score_7,score_8,score_9,score_10,score_11,score_12,score_13,score_14,score_15,score_16,score_17,score_18,score_19,score_20,score_21
古明地恋,,,,,,0.186168043,0.439883549,0.583602749,0.61348413,0.923880869,1,0.917516366,0.925734292,0.92990254,0.894844337,0.924744688,0.874664754,0.785465854,0.862262142,0.84921431,1
雾雨魔理沙,0.825367647,0.85146168,1,1,0.945233181,0.914015901,0.92389949,0.86,0.860531643,0.959683154,0.918843692,0.951792885,0.959687135,0.96234238,0.961143521,0.889171566,0.955123807,0.95405744,1,0.944381123,0.94786836
博丽灵梦,0.650735294,0.711351067,0.546385387,0.925860497,1,1,1,1,1,1,0.958014125,1,1,1,1,0.960510423,0.914180475,0.908513234,0.951917879,1,0.895990902
芙兰朵露·斯卡蕾特,0.279411765,0.105346326,0.177360432,0.355026214,0.598585853,0.605744588,0.704077322,0.738160702,0.829158297,0.858224052,0.846892329,0.851556958,0.828857273,0.838973485,0.832601754,0.854557493,0.837647352,1,0.906879795,0.893093422,0.844386453
十六夜咲夜,1,1,0.789760741,0.854912241,0.838670088,0.955830402,0.889462889,0.961246741,0.926342199,0.89045989,0.880234211,0.88341484,0.860136189,0.867649319,0.803139211,0.78717923,0.801835797,0.823342436,0.786090256,0.77141019,0.799354944
蕾米莉亚·斯卡蕾特,0.220588235,0.293652884,0.423565732,0.429336677,0.7946837,0.831702981,0.855041557,0.892803982,0.892596703,0.798300012,0.785908901,0.790581691,0.797880497,0.810438197,0.863367599,0.820461066,0.767133066,0.749339282,0.750126949,0.734843419,0.762067492
魂魄妖梦,,0.565709771,0.882480062,0.521654889,0.529259177,0.523431668,0.623111102,0.632813463,0.77009684,0.770247998,0.814987552,0.8207959,0.892219549,0.898112727,0.9275736,1,1,0.865438821,0.823631549,0.807997224,0.725092588
古明地觉,,,,,,0.577621969,0.759615629,0.767139132,0.715197393,0.743259855,0.729188704,0.762173648,0.769430355,0.782750579,0.774257794,0.755667021,0.711445837,0.689698844,0.691913511,0.699928067,0.690382722
藤原妹红,,,0.262464626,0.235582403,0.634065045,0.759233747,0.731770131,0.683261436,0.661247587,0.665569722,0.757449968,0.686302205,0.694326212,0.736550379,0.705707451,0.731229309,0.73427722,0.713676998,0.715796227,0.674799651,0.664957062
琪露诺,0.536764706,0.080853305,0.06411114,0.214668338,0.439682584,0.45574959,0.423174214,0.426575018,0.417455429,0.360613627,0.294462074,0.3328094,0.354212381,0.419952302,0.498104287,0.490411509,0.545849879,0.577511415,0.577837233,0.651049107,0.641111092
射命丸文,,,,0.572144974,0.891303135,0.634513703,0.513271273,0.709902821,0.742615852,0.716343371,0.675396139,0.710129213,0.718784345,0.713957564,0.749968969,0.708529123,0.668964012,0.630717751,0.612298998,0.591402997,0.617675578
西行寺幽幽子,,0.17118778,0.69992282,0.788522909,0.751687493,0.665091472,0.676771327,0.657904717,0.637295514,0.622469173,0.58984304,0.590091089,0.633033587,0.583016738,0.628536126,0.649240585,0.689598536,0.668819609,0.668355674,0.630383575,0.598596919
东风谷早苗,,,,,0.499009818,0.872609308,0.960651883,0.828001896,0.68813456,0.690777397,0.65060743,0.662759558,0.670540337,0.652029357,0.665519459,0.668249032,0.629437895,0.594503267,0.630140053,0.573077819,0.580499212
爱丽丝·玛格特洛依德,0.169117647,0.385304188,0.338564446,0.726293595,0.669962624,0.727201361,0.82070166,0.797350083,0.962549729,0.827972637,0.701814277,0.734609315,0.743571054,0.759160763,0.727756401,0.687305632,0.648870039,0.649698625,0.648633596,0.610189153,0.56275171
铃仙·优昙华院·因幡,,,0.622639568,0.622919991,0.293024099,0.309356505,0.289728569,0.411424508,0.389610999,0.468351221,0.570882884,0.572685655,0.651309205,0.615351168,0.611260311,0.631018639,0.611208133,0.612566553,0.594747331,0.55595068,0.545183076
八云紫,,0.1340532,0.299511191,0.673922954,0.710225371,0.793644319,0.64992849,0.608158331,0.590614571,0.581948372,0.553685718,0.555870819,0.581609569,0.671578467,0.684138071,0.613936317,0.576806864,0.561439898,0.561508641,0.539509944,0.528973842
红美铃,0.09375,0.336844878,0.231129406,0.328527468,0.335392726,0.378200737,0.474421943,0.442929604,0.477583768,0.481828755,0.463463367,0.470162336,0.479233625,0.526183334,0.524401666,0.478292972,0.454437722,0.476252617,0.467329165,0.51024285,0.51508613
帕秋莉·诺蕾姬,0.443014706,0.436660521,0.20375611,0.471677684,0.563762133,0.549984222,0.555917487,0.538269732,0.548615399,0.543411994,0.520402603,0.525453494,0.534241764,0.539456174,0.551522777,0.567576895,0.53120647,0.517936912,0.532321385,0.524322969,0.50131327
露米娅,0.055147059,0.054253358,0.101569334,0.10873034,0.1065352,0.153689266,0.215943851,0.242716283,0.291285963,0.349555986,0.387393019,0.456769214,0.492712791,0.501188055,0.485330791,0.502666479,0.50367298,0.546763993,0.518504464,0.470365642,0.48772681
秦心,,,,,,,,,,0.6019745,0.608867306,0.607718388,0.598487795,0.599030231,0.595761727,0.582500351,0.560968003,0.489895549,0.492071856,0.496813673,0.474430304
比那名居天子,,,,,,0.435708184,0.492525843,0.479540175,0.529946929,0.562528595,0.628399098,0.64341984,0.615626617,0.692093832,0.646962909,0.597608395,0.593019952,0.532222705,0.546351252,0.483554198,0.46176078
多多良小伞,,,,,,,0.456709946,0.278013747,0.302642583,0.406360073,0.505321024,0.497376685,0.54960552,0.553137476,0.565797046,0.540410505,0.516902638,0.440274397,0.479349696,0.444869963,0.449198576
洩矢诹访子,,,,,0.41074417,0.476460583,0.534240649,0.46082958,0.431875913,0.430520415,0.339867081,0.353577176,0.385774552,0.409020436,0.436544386,0.527573684,0.490762109,0.503667603,0.505036993,0.457316394,0.437432807
四季映姬·夜摩仙那度,,,,0.121552314,0.357511436,0.342574136,0.374873395,0.26587343,0.326278108,0.371803564,0.363202658,0.44362608,0.453857746,0.488802414,0.511052685,0.553403824,0.478256651,0.463752548,0.444399246,0.421836216,0.426243182
蓬莱山辉夜,,,0.116902495,0.134545247,0.251980364,0.249601712,0.276276613,0.290234653,0.314401726,0.394530712,0.273017705,0.282730497,0.324111806,0.351659983,0.376789926,0.322786461,0.355281122,0.301732427,0.359387371,0.373934936,0.41584246
纯狐,,,,,,,,,,,,0.38570067,0.44187039,0.442430924,0.448392593,0.466202524,0.421270019,0.407848395,0.413972535,0.411322351,0.406386917
风见幽香,0.045955882,0.013958388,0.010856702,0.178994757,0.31418052,0.695915524,0.788952396,0.926897369,0.798582181,0.643884396,0.536777041,0.540224677,0.506482765,0.513604441,0.460353641,0.444148392,0.466007609,0.429024335,0.433984002,0.432697081,0.397025514
八意永琳,,,0.152354001,0.279006155,0.233264532,0.209872933,0.176763692,0.173614601,0.154830667,0.174303936,0.151088246,0.160392482,0.184893817,0.168686288,0.20176369,0.210497382,0.260843954,0.261583855,0.233020284,0.31518039,0.387688588
伊吹萃香,,,,0.303054479,0.272258172,0.415674473,0.360169384,0.353823181,0.280324051,0.275305518,0.246487376,0.273887162,0.27181914,0.308279494,0.306789587,0.413065548,0.390891703,0.379389447,0.395001229,0.401910276,0.37848346
犬走椛,,,,,0.162152739,0.263578361,0.238435033,0.314804456,0.461506296,0.495846494,0.491249159,0.511407278,0.56536961,0.567020814,0.537908622,0.515001705,0.432181542,0.451617866,0.423574217,0.392500735,0.369572053
八云蓝,,0.498814854,0.380190378,0.256952359,0.469234631,0.39686449,0.303577518,0.381763451,0.376706815,0.418360316,0.305691787,0.343043295,0.364613508,0.360720827,0.340991413,0.357324291,0.33867648,0.352249188,0.45549428,0.38314185,0.360871522
灵乌路空,,,,,,0.278332346,0.600156761,0.56072055,0.567959951,0.526660162,0.44996848,0.408037123,0.375150597,0.388698322,0.404825041,0.348480167,0.322723272,0.334889203,0.368019875,0.365021833,0.352728307
赫卡提亚·拉碧斯拉祖利,,,,,,,,,,,,0.265275065,0.288451879,0.300211259,0.385901761,0.314568327,0.363829463,0.398172517,0.327491878,0.307328551,0.34460392
依神紫苑,,,,,,,,,,,,,,0.633117097,0.580387267,0.422989105,0.400562728,0.388763125,0.37668787,0.35625057,0.336942708
鬼人正邪,,,,,,,,,,0.155666904,0.412000085,0.431723513,0.430098308,0.431174045,0.41509913,0.403194157,0.410708469,0.370252034,0.351289962,0.331182943,0.329289027
丰聪耳神子,,,,,,,,,0.229524085,0.317066583,0.317049716,0.322575504,0.297036396,0.3426211,0.332274517,0.433313938,0.443203947,0.417875922,0.385579732,0.347709796,0.321691831
水桥帕露西,,,,,,0.164271806,0.250807983,0.302465039,0.2586816,0.442735636,0.399696552,0.396818899,0.418601928,0.39855413,0.395301339,0.384595012,0.307248245,0.317999,0.335256218,0.323143673,0.314250909
宇佐见莲子,,,0.014715719,0.032767267,0.080804418,0.086191902,0.10510136,0.165650628,0.16968103,0.306394801,0.477230717,0.41983032,0.466098142,0.477031662,0.472833753,0.455167432,0.330658295,0.294336782,0.305042453,0.339338723,0.307049106
键山雏,,,,,0.215162334,0.293301829,0.331423016,0.39649206,0.363806539,0.265829902,0.23848447,0.221102136,0.263921988,0.255618557,0.245799528,0.25663209,0.279690499,0.287163666,0.277414071,0.270242546,0.300101484
物部布都,,,,,,,,,0.511352712,0.327854123,0.437023859,0.374904301,0.334021958,0.369838767,0.323630968,0.339880821,0.38159144,0.32643586,0.319765759,0.292073189,0.293234824
稀神探女,,,,,,,,,,,,0.625420683,0.520358488,0.453749292,0.425570689,0.331285488,0.37264115,0.361227259,0.343228043,0.263216417,0.286511258
饭纲丸龙,,,,,,,,,,,,,,,,,0.212086876,0.18513838,0.176393022,0.202957357,0.279806521
摩多罗隐岐奈,,,,,,,,,,,,,,0.292393371,0.26754381,0.306807648,0.29968052,0.280152638,0.284042698,0.256299201,0.273250527
河城荷取,,,,,0.199933058,0.325642072,0.406668465,0.517895236,0.493848823,0.455419402,0.375153594,0.364161055,0.39641739,0.379189487,0.35878065,0.393860476,0.346892174,0.343424964,0.312222556,0.28455822,0.266792439
茨木华扇,,,,,,,,0.061777672,0.403371032,0.383065161,0.328445043,0.302363952,0.305877732,0.269848869,0.260102007,0.37540579,0.31483676,0.309597855,0.290764149,0.249865759,0.260650666
火焰猫燐,,,,,,0.197704936,0.134092031,0.21020147,0.220688119,0.247286578,0.223317413,0.21407434,0.248316521,0.248828415,0.252908453,0.277337935,0.254870164,0.267218501,0.297903301,0.243462711,0.254951357
米斯蒂娅·萝蕾拉,,,0.044713146,0.195862776,0.150326342,0.143206779,0.195035551,0.182299123,0.194430332,0.214141214,0.187202829,0.207062169,0.241220036,0.206080384,0.207631374,0.18010072,0.15283755,0.151706878,0.188435393,0.21703241,0.24939326
饕餮尤魔,,,,,,,,,,,,,,,,,,0.224160572,0.404463676,0.277342127,0.243921772
魅魔,0.119485294,0.0308138,0.032570105,0.020572145,0.088126185,0.092502944,0.076024166,0.066295331,0.047267142,0.04923021,0.046633758,0.0448104,0.05508745,0.057149633,0.080076957,0.110262635,0.113037693,0.129412799,0.161033607,0.198702167,0.238487941
圣白莲,,,,,,,0.577981138,0.498506755,0.446566049,0.510663514,0.424346358,0.292492539,0.314734175,0.325052815,0.290518049,0.299054995,0.267098415,0.256059099,0.254249365,0.232069947,0.233103064
橙,0.358455882,0.208585726,0.132441472,0.097276043,0.186907286,0.175039059,0.158797213,0.120346054,0.135071868,0.127240054,0.162408779,0.182641439,0.173571167,0.189390512,0.174840049,0.194614875,0.193607629,0.209058841,0.248835622,0.221905616,0.227957305
上白泽慧音,,,0.474813481,0.390129929,0.383033025,0.359613949,0.317467184,0.327689026,0.338181847,0.238279506,0.262658803,0.235385841,0.227453839,0.21790384,0.225764774,0.21590257,0.232101152,0.21403689,0.223216577,0.226783887,0.222824726
大妖精,,,0.005454078,0.018064737,0.037403771,0.052458613,0.098383017,0.150225172,0.186000797,0.149564805,0.14556421,0.165748481,0.162720609,0.184089282,0.213651392,0.232262595,0.19801867,0.163668482,0.196696607,0.170488739,0.217763694
封兽鵺,,,,,,,0.185838546,0.231467172,0.269401218,0.295982096,0.283381949,0.312422855,0.344094509,0.333670059,0.315038196,0.291378584,0.292861251,0.273303699,0.243522892,0.212225059,0.212806218
玛艾露贝莉·赫恩,,,0.003910471,0.01322088,0.024768493,0.019587319,0.037154476,0.045498933,0.043777307,0.122036458,0.180578261,0.200634345,0.220746358,0.262505325,0.282658738,0.263473847,0.22671296,0.189720823,0.228026973,0.237692877,0.207946648
天弓千亦,,,,,,,,,,,,,,,,,0.286045448,0.229344667,0.184337547,0.186341854,0.203218876
小恶魔,,0.012114827,0.029071263,0.079496239,0.073775522,0.098837075,0.081271599,0.095287983,0.116602706,0.079398941,0.084030516,0.145033827,0.157565366,0.173816227,0.164802925,0.148981762,0.168506622,0.219067138,0.214043517,0.194479904,0.198572066
娜兹玲,,,,,,,0.390686951,0.367504148,0.248165199,0.221720604,0.230866216,0.250107026,0.256115477,0.242385246,0.232078176,0.237884473,0.184910289,0.245116731,0.259665839,0.2074557,0.194262281
哆来咪·苏伊特,,,,,,,,,,,,0.116357046,0.114635224,0.465269695,0.349815506,0.250171546,0.248979535,0.239762306,0.218550875,0.190399481,0.190202912
道神驯子,,,,,,,,,,,,,,,,,,,,,0.186260278
神绮,,0.000526732,0.009004374,0.037953043,0.049648555,0.044054152,0.053263232,0.0420621,0.040373448,0.042973767,0.055619664,0.087339656,0.082491436,0.083506454,0.095248305,0.0885536,0.069731179,0.083632328,0.083502143,0.155473998,0.182351535
埴安神袿姬,,,,,,,,,,,,,,,,0.366220581,0.273366737,0.234537003,0.209598952,0.159166895,0.178482331
莉格露·奈特巴格,,,0.025726782,0.048951447,0.055366507,0.073946941,0.070878525,0.057402228,0.06189475,0.052554117,0.065337479,0.055606768,0.079096152,0.062639723,0.085984135,0.071700006,0.103411713,0.108951148,0.103041306,0.141188718,0.174874839
因幡天为（因幡帝）,,,0.076151273,0.088329154,0.11691119,0.106010113,0.086748067,0.101161413,0.079257951,0.092457542,0.119755105,0.121019327,0.15243656,0.143871084,0.141591722,0.136329528,0.180727943,0.159646482,0.17245079,0.148252839,0.171286176
赤蛮奇,,,,,,,,,,0.1806596,0.168173222,0.176822961,0.179209832,0.158465937,0.169711468,0.157661363,0.176653014,0.144014528,0.180362554,0.1666692,0.167763412
菅牧典,,,,,,,,,,,,,,,,,0.221782158,0.204168704,0.265106883,0.17834311,0.164261359
村纱水蜜,,,,,,,0.167780453,0.127722209,0.099720188,0.132509798,0.101094122,0.099320344,0.101949173,0.134867337,0.145890929,0.153299492,0.243265626,0.19442964,0.205217178,0.162874989,0.160781899
霍青娥,,,,,,,,,0.238684414,0.229415753,0.193998355,0.188494289,0.190702435,0.194858641,0.185305966,0.205096206,0.20261336,0.199284062,0.200876355,0.174409592,0.157332565
八坂神奈子,,,,,0.127691621,0.222641248,0.263338711,0.220497748,0.203137335,0.200343967,0.134697781,0.103407653,0.132812648,0.13932529,0.116535584,0.120804157,0.126738602,0.115607778,0.139277622,0.131239679,0.153905825
克劳恩皮丝,,,,,,,,,,,,0.483702326,0.407139539,0.316663958,0.298569188,0.270391846,0.237676459,0.250581047,0.192555079,0.182314621,0.150641008
莉莉霍瓦特（莉莉白）,,0.063734527,0.052071006,0.071062229,0.03408457,0.021819273,0.029779567,0.033396539,0.031357714,0.028151235,0.031076706,0.029382998,0.032929349,0.040367529,0.066434592,0.107072491,0.086817467,0.069214666,0.094105763,0.115693039,0.147395018
本居小铃,,,,,,,,,,0.187064874,0.15665502,0.171148227,0.214099305,0.223863881,0.196042699,0.199843502,0.15673576,0.125934758,0.153654208,0.137837756,0.14420928
绵月丰姬,,,,,0.006959165,0.012598995,0.014434259,0.016847594,0.015037947,0.022931102,0.020792598,0.021005265,0.025326782,0.022746538,0.03072071,0.032069983,0.050628218,0.046382123,0.041955827,0.035971551,0.14108944
依神女苑,,,,,,,,,,,,,,0.229982036,0.367751436,0.226781164,0.119746079,0.155657449,0.135764012,0.151857086,0.138022319
小野塚小町,,,,0.14805106,0.17407676,0.235940615,0.205153784,0.200621,0.211867785,0.193701664,0.174001774,0.155130228,0.13759777,0.130532363,0.155093037,0.175498084,0.148994782,0.122467706,0.10001638,0.12475558,0.135056871
永江衣玖,,,,,,0.498210589,0.345740214,0.340668405,0.350980515,0.285580416,0.254570418,0.242594878,0.234244408,0.211956975,0.219677052,0.184767561,0.13401526,0.180715279,0.150023206,0.127979899,0.132129079
姬海棠果,,,,,,,,0.191429249,0.162013553,0.168058518,0.129611822,0.130559505,0.196545043,0.178950558,0.180064545,0.140438595,0.141444382,0.112250617,0.112315379,0.118646343,0.12920317
二岩猯藏,,,,,,,,,0.094272449,0.161851686,0.20117319,0.150036717,0.147356852,0.153568778,0.120417283,0.117084328,0.116378026,0.119008896,0.142832182,0.134517188,0.126328097
稗田阿求,,,,,0.061126297,0.057453572,0.065982278,0.053344394,0.089199878,0.137779542,0.088224295,0.111982251,0.142424437,0.126214957,0.133015877,0.144692121,0.109718151,0.091448305,0.106077152,0.299699604,0.123479384
幻月,0.001838235,0.001053463,0.000668896,0.001538637,0.003068169,0.00806582,0.013497763,0.015548708,0.016374479,0.015930501,0.029436591,0.037873225,0.040550799,0.038329607,0.039595581,0.048743003,0.040111714,0.03916505,0.036563925,0.061459631,0.12065703
吉吊八千慧,,,,,,,,,,,,,,,,0.284292049,0.207339723,0.17197622,0.270976549,0.144696716,0.117868568
森近霖之助,,,0.016928222,0.063027126,0.097316747,0.132978273,0.150226235,0.135107845,0.128674488,0.106877677,0.110224274,0.091239473,0.097806095,0.097605003,0.105324923,0.13232078,0.12322155,0.132923807,0.115517759,0.12169083,0.115085753
今泉影狼,,,,,,,,,,0.256431458,0.215848746,0.228192428,0.280014654,0.28477752,0.275053317,0.243771192,0.172578085,0.147857955,0.164760163,0.101407759,0.112382018
星熊勇仪,,,,,,0.123550192,0.111860421,0.113022043,0.105304706,0.116915546,0.124568602,0.125781604,0.12348789,0.113526262,0.112670812,0.124600229,0.16063397,0.140209562,0.118777471,0.112752399,0.10975736
宇佐见堇子,,,,,,,,,,,0.208460215,0.194537756,0.208245367,0.236130936,0.23870753,0.189438414,0.216899866,0.167805867,0.125359688,0.106992695,0.107196719
庭渡久侘歌,,,,,,,,,,,,,,,,0.221331835,0.164552971,0.176338881,0.128785935,0.104166033,0.104662438
少名针妙丸,,,,,,,,,,0.338680249,0.351428022,0.257644173,0.202395205,0.200361907,0.159939518,0.166481411,0.145217849,0.105753328,0.091427557,0.088140685,0.102169578
苏我屠自古,,,,,,,,,0.058158711,0.059626377,0.058814416,0.083852319,0.110307086,0.121906335,0.150297334,0.17097169,0.137729821,0.136456794,0.10918944,0.095944399,0.099746384
奥野田美宵,,,,,,,,,,,,,,,,0.074440721,0.08421866,0.062648696,0.088765732,0.090691266,0.097326954
冈崎梦美,0.005514706,0.005794048,0.006277335,0.006667426,0.015438469,0.029053882,0.049588501,0.049367149,0.065994232,0.07531985,0.076107745,0.073680921,0.07584816,0.059894678,0.092049289,0.079998395,0.062946562,0.060618465,0.064926697,0.077178505,0.095012963
宫出口瑞灵,,,,,,,,,,,,,,,,,,0.015131951,0.019110541,0.037255707,0.092714035
堀川雷鼓,,,,,,,,,,0.143622563,0.114962977,0.140165305,0.128118166,0.148719931,0.137298157,0.113500933,0.100303541,0.088810928,0.071631767,0.075147159,0.090441466
梅蒂欣·梅兰可莉,,,,0.043252792,0.045185764,0.047902348,0.061610265,0.075458639,0.070093714,0.071290371,0.068665791,0.052838148,0.066765114,0.074177694,0.061131109,0.094560703,0.076747957,0.097025258,0.078653526,0.079263042,0.088183959
绵月依姬,,,,,0.002384804,0.017440026,0.043114461,0.038814885,0.03393308,0.039870351,0.040933423,0.047454026,0.05231155,0.044513644,0.069120186,0.061507594,0.089433599,0.081102094,0.073960523,0.073153805,0.086052602
高丽野阿吽,,,,,,,,,,,,,,0.277201196,0.190637659,0.103886359,0.074336265,0.071475667,0.086128477,0.098667214,0.083928777
豫母都日狭美,,,,,,,,,,,,,,,,,,,0.238226542,0.10985735,0.081850138
露娜切露德,,,,0.003818099,0.030862992,0.03454141,0.040014862,0.070855653,0.050803874,0.037246504,0.036232116,0.039863756,0.042560022,0.034618307,0.053452342,0.059212295,0.045136074,0.043371117,0.048150373,0.059648643,0.079786563
宫古芳香,,,,,,,,,0.122499863,0.05605993,0.052622581,0.064275112,0.069752511,0.071230614,0.071822706,0.085640336,0.097427528,0.09419832,0.076289279,0.081352644,0.077817129
若鹭姬,,,,,,,,,,0.067304989,0.049625498,0.058444135,0.060899845,0.068336239,0.082999515,0.082819366,0.072025059,0.066972895,0.058702121,0.057862983,0.075860874
蕾蒂·霍瓦特洛克,0.016544118,0.037661312,0.038538719,0.027638477,0.06742999,0.080027091,0.092255073,0.089959706,0.054469568,0.046082695,0.043775577,0.042279268,0.047027899,0.046889755,0.048487379,0.056925022,0.058656798,0.058599223,0.056812908,0.08349037,0.0739178
妖精（女仆妖精、向日葵妖精等）,,,,0.002735354,0.003333147,0.001647028,0.004499254,0.006219483,0.007202426,0.005093351,0.00591403,0.005927847,0.00649976,0.006460737,0.00571535,0.006829719,0.0052981,0.002458805,0.005097054,0.004072825,0.072066983
姬虫百百世,,,,,,,,,,,,,,,,,0.189227773,0.102734081,0.06712441,0.069177229,0.070238761
日白残无,,,,,,,,,,,,,,,,,,,0.168590461,0.093257044,0.068412421
露娜萨·普莉兹姆利巴,,0.250987622,0.08880885,0.163209483,0.13896017,0.114399181,0.118807799,0.107068026,0.084142939,0.087821711,0.096659935,0.095242411,0.089780534,0.101439282,0.101872017,0.100752393,0.106540677,0.099876922,0.096999645,0.085704082,0.066587965
先代巫女,,,,,,,,,,,,,,,,,,,,,0.064763508
秋穰子,,,,,0.014057793,0.068367056,0.141843575,0.157881014,0.141508328,0.101966232,0.072287934,0.070406075,0.08604912,0.086730235,0.089013891,0.063995506,0.079201231,0.078635047,0.069338502,0.067204138,0.062984239
秋静叶,,,,,0.017112016,0.062887225,0.126340488,0.14257881,0.148089384,0.11183322,0.080050432,0.077046388,0.093712115,0.105392146,0.098543235,0.066495456,0.081703015,0.086198276,0.081036883,0.063356737,0.061206853
梦月,,,0.000565989,0.000797812,0.000683365,0.002293525,0.00353731,0.004456032,0.006256692,0.009574838,0.017293329,0.017667922,0.022592426,0.018262233,0.019634172,0.02494332,0.022231924,0.022343529,0.020532911,0.034712724,0.059442646
寅丸星,,,,,,,0.226927325,0.254088647,0.177602526,0.207068953,0.140104284,0.135340531,0.118963362,0.093770725,0.108862459,0.097634478,0.067440765,0.064780576,0.060738759,0.056087454,0.057725511
幽谷响子,,,,,,,,,0.110932212,0.097109909,0.092423417,0.10763558,0.106118688,0.109454812,0.124473883,0.091506992,0.06079475,0.051335447,0.049804799,0.045330436,0.056070508
天火人血枪,,,,,,,,,,,,,,,,,,,0.146408583,0.071162984,0.054443748
骊驹早鬼,,,,,,,,,,,,,,,,0.128400313,0.094749025,0.076242177,0.122048104,0.065266507,0.052828285
黑谷山女,,,,,,0.037512218,0.046315854,0.080180137,0.074576178,0.063435366,0.062041222,0.067334344,0.072773898,0.065459433,0.077323659,0.052679521,0.056563893,0.056700861,0.046501406,0.05122438,0.051229767
斯塔萨菲雅,,,,0.005983588,0.012705009,0.011529196,0.015426742,0.028622896,0.02504631,0.032324034,0.034426387,0.034292143,0.034745958,0.03640588,0.041677481,0.054794246,0.038455408,0.041945285,0.053187365,0.054337254,0.049682085
蓬莱人形封面的少女（夹克子）,,,,,,,,,,,,,,0.001076058,0.022906535,0.025970586,0.02136219,0.025046841,0.028016053,0.042503774,0.0481457
桑尼米尔克,,,,0.003419193,0.019468928,0.015469749,0.025193789,0.035923205,0.029122344,0.030207317,0.027796476,0.032507851,0.031214711,0.029646482,0.037553176,0.050693204,0.029986763,0.029159501,0.033989462,0.043909506,0.04669216
清兰,,,,,,,,,,,,0.036076434,0.063819261,0.049274649,0.050964218,0.06905961,0.048736287,0.035184259,0.062832728,0.052741558,0.045274393
云居一轮,,,,,,,0.057253521,0.084920597,0.037106368,0.08357174,0.105587076,0.061284627,0.057987982,0.080335379,0.046157231,0.046796814,0.041771485,0.037818889,0.030298397,0.031186995,0.043945119
C62社团Cut的少女（冴月麟）,,,,,,,,,,,,,,,,,,,,0.027950012,0.042619611
杖刀偶磨弓,,,,,,,,,,,,,,,,0.162039285,0.130307629,0.073852054,0.054931885,0.049729998,0.041311048
豪德寺三花,,,,,,,,,,,,,,,,,0.092080916,0.049632141,0.040530727,0.030100402,0.040047673
卡娜·安娜贝拉尔,,0.00316039,0.000977618,0.005356736,0.006471048,0.008873941,0.01030655,0.011988623,0.01378739,0.014717799,0.018356466,0.016705467,0.020243297,0.019355859,0.02517462,0.027090147,0.023236796,0.023239139,0.023841765,0.023829063,0.038805009
丁礼田舞,,,,,,,,,,,,,,0.090235108,0.074570361,0.041355511,0.065185,0.054862939,0.043402768,0.041168961,0.037584939
九十九弁弁,,,,,,,,,,0.034694316,0.038134009,0.030945424,0.044599458,0.051830835,0.043877862,0.044882727,0.036816427,0.033953483,0.031496901,0.026886214,0.036366752
梅露兰·普莉兹姆利巴,,0.02580985,0.022433754,0.023877365,0.027766931,0.026444805,0.027463774,0.026465987,0.019594663,0.01991037,0.02483679,0.022245832,0.028136672,0.031249588,0.029112739,0.036480006,0.043438187,0.044840906,0.044928881,0.039841747,0.035157978
爱丽丝的人偶（上海、蓬莱、大江户等）,,,0.000823257,0.055105995,0.02211871,0.040583079,0.032110629,0.024370704,0.023072775,0.017214863,0.019553162,0.026470634,0.029568055,0.025135825,0.024040577,0.028253847,0.035232888,0.036486464,0.039152038,0.038542395,0.033964268
爱塔妮缇拉尔瓦,,,,,,,,,,,,,,0.054417765,0.063765925,0.043032844,0.028791312,0.040535937,0.025872942,0.032329311,0.032851519
三头慧之子,,,,,,,,,,,,,,,,,,,0.157334353,0.046774161,0.031748184
尔子田里乃,,,,,,,,,,,,,,0.077247752,0.058518861,0.039694228,0.054550684,0.047931582,0.029102624,0.024799145,0.030691919
胡桃,,,0.000463082,0.000227946,0.001603816,0.002724523,0.003837599,0.005484712,0.008785162,0.007766808,0.010225342,0.01077762,0.015072948,0.014261056,0.014911815,0.01585843,0.019005939,0.01698361,0.015850829,0.013168293,0.029686491
影华扇（断善修恶的怪臂 - 茨木童子之臂）,,,,,,,,,,,,,,,,0.010754198,0.00872506,0.008549498,0.010568129,0.016440736,0.028707422
莉莉卡·普莉兹姆利巴,,0.044772189,0.019243633,0.015614315,0.040918219,0.031693745,0.034553663,0.022294383,0.017925951,0.026139251,0.032722163,0.0250582,0.02671662,0.028087297,0.033993072,0.033522602,0.033843392,0.031508415,0.035275328,0.029021408,0.027732119
封兽魑魅,,,,,,,,,,,,,,,,,,,,,0.02676623
无名的读书妖怪（朱鹭子）,,,0.00751222,0.009516754,0.008688497,0.013722668,0.023320796,0.030898317,0.027031569,0.02451864,0.023442425,0.019774073,0.023955827,0.020453877,0.027657102,0.030725708,0.032467757,0.032728202,0.032719976,0.025832548,0.025804107
梦子,,,0.000154361,0.004843857,0.005508758,0.004687103,0.008285957,0.011230149,0.012329709,0.013135773,0.016438546,0.015846132,0.019182035,0.015648951,0.017569199,0.017347164,0.020520177,0.019170435,0.021319173,0.019718246,0.024857047
孙美天,,,,,,,,,,,,,,,,,,,0.132250403,0.04824828,0.023949525
铃瑚,,,,,,,,,,,,0.050113276,0.049592302,0.042409842,0.035759019,0.034975221,0.027613187,0.030307859,0.024827323,0.022061133,0.023081543
Reisen（铃仙二号）,,,,,0.005062479,0.006026275,0.011049639,0.013552975,0.011661443,0.012446738,0.015028154,0.015083668,0.01650433,0.016386819,0.018596044,0.023916053,0.026438526,0.02414299,0.026934942,0.022922302,0.022249335
北白河千百合,,0.018435607,0.012760484,0.011796216,0.010473614,0.01058254,0.011813088,0.008110927,0.007710465,0.010098505,0.013751322,0.012518163,0.015737653,0.014915475,0.014178355,0.016576714,0.016244274,0.0145303,0.015222911,0.013682462,0.021451017
易者,,,,,,,,,,,0.015717323,0.080430605,0.167936279,0.163565132,0.128739238,0.07718545,0.046930983,0.053060731,0.037852521,0.033504554,0.020663997
坂田合欢,,,,,,,,,,,,,,0.026572032,0.026398935,0.015160209,0.016909568,0.01293139,0.011968659,0.009829995,0.019882625
萨丽爱尔,,,,0.001310691,0.002175611,0.000977442,0.006097406,0.007537331,0.006729559,0.010638708,0.01312092,0.013768105,0.017357872,0.017177391,0.020706153,0.020986738,0.017599118,0.021522096,0.022135466,0.021217693,0.019120081
矢田寺成美,,,,,,,,,,,,,,0.117689946,0.055963034,0.038077085,0.024265924,0.025994648,0.02296268,0.02043251,0.018361303
九十九八桥,,,,,,,,,,0.021393175,0.026268551,0.023652016,0.036570121,0.032883439,0.032351249,0.021957826,0.025340097,0.020717147,0.01980398,0.019006514,0.017645829
戎璎花,,,,,,,,,,,,,,,,0.020019663,0.011576817,0.017695152,0.014633214,0.017035956,0.016932239
山城高岭,,,,,,,,,,,,,,,,,0.03122033,0.028019385,0.017125775,0.018317579,0.016250657
爱莲,0.03125,0.003950487,0.003498842,0.002393435,0.000376548,0.003571126,0.002992717,0.004792605,0.005412567,0.005446137,0.00970713,0.008271487,0.012738926,0.013615421,0.015667844,0.01394033,0.012661386,0.009376425,0.012937836,0.011225596,0.015570957
玉造魅须丸,,,,,,,,,,,,,,,,,0.0525548,0.026991907,0.016478746,0.01472093,0.014911969
艾丽,,,0.001852328,0.000968771,0.008019078,0.007303877,0.009583819,0.010585447,0.011028349,0.011195449,0.011886827,0.013140009,0.012210183,0.010062236,0.009501134,0.010256616,0.00963291,0.008961588,0.009222201,0.014199163,0.014292519
依莉斯,,,,,,0.00027707,0.000819434,0.00299123,0.003106852,0.004475975,0.006512378,0.006962174,0.00965711,0.011472091,0.013456179,0.013374531,0.011060521,0.010211595,0.013459281,0.00819124,0.013678719
琪斯美,,,,,,0.02406662,0.021519058,0.020265466,0.021275099,0.018554348,0.022090799,0.027901817,0.021406531,0.021600207,0.021789418,0.019096728,0.015000312,0.01993967,0.018430752,0.017648906,0.01307998
驹草山如,,,,,,,,,,,,,,,,,0.014383528,0.012436882,0.051483797,0.015845516,0.012490656
舞,0.003676471,,0.004785181,0.001766583,0.00598293,0.005533706,0.008906895,0.012756577,0.009887215,0.011763214,0.012501202,0.011333844,0.014464893,0.01304006,0.01213595,0.014546257,0.010571945,0.010637421,0.007963635,0.01267692,0.011967231
矜羯罗,,,,,4.18E-05,0.001947187,0.002122386,0.0035032,0.004709128,0.005804435,0.00921563,0.009243317,0.011171581,0.010997747,0.011481477,0.012291086,0.012117369,0.011958857,0.011024052,0.008953629,0.011445689
魂魄妖忌,,,,0.008490996,0.009497378,0.009697455,0.012612163,0.009954966,0.008245859,0.00695099,0.008334135,0.00875584,0.011685217,0.009144293,0.008637907,0.011255793,0.018295599,0.016348991,0.014046248,0.012188079,0.010933561
雪,,,0.004322099,,0.004671985,0.005095012,0.007100068,0.009338706,0.005799458,0.009056683,0.011288479,0.009749543,0.010661722,0.011968395,0.012796064,0.009759034,0.0100903,0.008167627,0.006224576,0.00854584,0.010436495
留琴,,,,0.000341919,0.000934397,0.000877389,0.002320882,0.001223039,0.001961811,0.001984422,0.004829524,0.004290424,0.005529139,0.005880984,0.007819817,0.008803997,0.007865721,0.00742037,0.006549455,0.005876215,0.009954492
蓬莱人形碟面的少女（Label子）,,,,,,,,,,,,,,0.008261486,0.010381287,0.00927349,0.006753432,0.006711575,0.007221054,0.011704305,0.009487552
牛崎润美,,,,,,,,,,,,,,,,0.022936939,0.01562056,0.013961615,0.012449152,0.010280843,0.009033791
小兔姬,0.077205882,0.001580195,0.002778492,0.004330978,0.003626018,0.003270967,0.004168427,0.005133918,0.00382983,0.006554106,0.008772211,0.007371529,0.013278999,0.009601068,0.010872141,0.007608194,0.00709994,0.013431392,0.011493625,0.009386746,0.008581913
奥莲姬,,,,5.70E-05,0.000808881,0.001231423,0.00161851,0.002431856,0.001641356,0.002965609,0.004375421,0.001993657,0.002001669,0.005371503,0.006347254,0.004414037,0.003517052,0.002796719,0.002757378,0.003647306,0.008160161
明罗,,,0.000360175,0.00017096,0.001980364,0.003902071,0.005262703,0.00659398,0.005033491,0.003153027,0.006213204,0.005331,0.006171184,0.007488482,0.008214757,0.005790414,0.005849047,0.006033,0.008790849,0.015270559,0.007742174
尘塚姥芽,,,,,,,,,,,,,,,,,,,,,0.007333601
里香,0.009191176,,,0.002051516,0.000209193,0.002108812,0.001934069,0.001782413,0.002712145,0.006173758,0.007511406,0.006577817,0.008765801,0.008691909,0.00994121,0.007218956,0.00643811,0.007054984,0.005905157,0.006815902,0.006957036
朝仓理香子,0.025735294,0.001316829,0.001337793,0.003077274,0.003932835,0.001793259,0.003257379,0.003232994,0.003567995,0.003538886,0.004156383,0.003215474,0.003946688,0.00466438,0.004885975,0.003940531,0.004816455,0.005733548,0.005607579,0.004754161,0.006595534
抗抑郁药大叔（长相酷似周杰伦的村民）,,,,,,,,,,,,,0.038556683,0.023923613,0.016587491,0.018181818,0.019754395,0.018423178,0.017778263,0.01074942,0.006260391
幽幻魔眼,,,,,,0.000592622,0.001333489,0.00278739,0.001801584,0.004200361,0.005342394,0.005062263,0.005211894,0.005129939,0.00706943,0.004666841,0.00436946,0.00443409,0.004015944,0.005579871,0.005936545
云山,,,,,,,0.019717321,0.018321877,0.013013608,0.013907493,0.014387067,0.011902567,0.013868169,0.012499835,0.0090667,0.012832808,0.013226193,0.011065995,0.008370417,0.007839174,0.005616465
玄爷,0.012867647,0.004740585,0.003138667,0.000626852,0.002831083,0.002485935,0.0017712,0.001099787,0.001383429,0.002441942,0.002697909,0.002849866,0.002462431,0.003034921,0.002668668,0.002680524,0.00504515,0.003771999,0.004862268,0.005288593,0.005303916
神玉,,,,,6.97E-05,0.000346338,0.000341007,0.001351031,0.000945734,0.001708808,0.001415734,0.001262441,0.003716307,0.004888376,0.005145507,0.003707791,0.003721491,0.003986286,0.003426247,0.00429065,0.004998899
飞碟（红、蓝、绿、其他）,,,,,,,0.006580923,0.005849727,0.002903637,0.003340444,0.004599801,0.004540412,0.004411226,0.00617086,0.004637727,0.006444493,0.007460308,0.005192336,0.005348221,0.005009979,0.004437817
,,,,,,,,,,,,,,,,,,,,,
,,,,,,,,,,,,,,,,,,,,,
,,,,,,,,,,,,,,,,,,,,,
,,,,,,,,,,,,,,,,,,,,,
,,,,,,,,,,,,,,,,,,,,,
,,,,,,,,,,,,,,,,,,,,,
,,,,,,,,,,,,,,,,,,,,,
,,,,,,,,,,,,,,,,,,,,,
,,,,,,,,,,,,,,,,,,,,,
,,,,,,,,,,,,,,,,,,,,,
,,,,,,,,,,,,,,,,,,,,,
,,,,,,,,,,,,,,,,,,,,,
,,,,,,,,,,,,,,,,,,,,,
,,,,,,,,,,,,,,,,,,,,,
,,,,,,,,,,,,,,,,,,,,,
,,,,,,,,,,,,,,,,,,,,,
,,,,,,,,,,,,,,,,,,,,,
,,,,,,,,,,,,,,,,,,,,,
,,,,,,,,,,,,,,,,,,,,,
,,,,,,,,,,,,,,,,,,,,,
,,,,,,,,,,,,,,,,,,,,,
,,,,,,,,,,,,,,,,,,,,,
,,,,,,,,,,,,,,,,,,,,,
,,,,,,,,,,,,,,,,,,,,,
,,,,,,,,,,,,,,,,,,,,,
,,,,,,,,,,,,,,,,,,,,,
,,,,,,,,,,,,,,,,,,,,,
,,,,,,,,,,,,,,,,,,,,,
,,,,,,,,,,,,,,,,,,,,,
,,,,,,,,,,,,,,,,,,,,,
,,,,,,,,,,,,,,,,,,,,,
,,,,,,,,,,,,,,,,,,,,,
,,,,,,,,,,,,,,,,,,,,,
,,,,,,,,,,,,,,,,,,,,,
,,,,,,,,,,,,,,,,,,,,,
,,,,,,,,,,,,,,,,,,,,,
,,,,,,,,,,,,,,,,,,,,,
,,,,,,,,,,,,,,,,,,,,,
,,,,,,,,,,,,,,,,,,,,,
,,,,,,,,,,,,,,,,,,,,,
,,,,,,,,,,,,,,,,,,,,,
,,,,,,,,,,,,,,,,,,,,,
,,,,,,,,,,,,,,,,,,,,,
,,,,,,,,,,,,,,,,,,,,,
,,,,,,,,,,,,,,,,,,,,,
,,,,,,,,,,,,,,,,,,,,,
,,,,,,,,,,,,,,,,,,,,,
,,,,,,,,,,,,,,,,,,,,,
,,,,,,,,,,,,,,,,,,,,,
,,,,,,,,,,,,,,,,,,,,,
,,,,,,,,,,,,,,,,,,,,,
,,,,,,,,,,,,,,,,,,,,,
,,,,,,,,,,,,,,,,,,,,,
,,,,,,,,,,,,,,,,,,,,,
,,,,,,,,,,,,,,,,,,,,,
,,,,,,,,,,,,,,,,,,,,,
,,,,,,,,,,,,,,,,,,,,,
,,,,,,,,,,,,,,,,,,,,,
,,,,,,,,,,,,,,,,,,,,,
,,,,,,,,,,,,,,,,,,,,,
,,,,,,,,,,,,,,,,,,,,,
,,,,,,,,,,,,,,,,,,,,,
,,,,,,,,,,,,,,,,,,,,,
,,,,,,,,,,,,,,,,,,,,,
,,,,,,,,,,,,,,,,,,,,,
,,,,,,,,,,,,,,,,,,,,,
,,,,,,,,,,,,,,,,,,,,,
,,,,,,,,,,,,,,,,,,,,,
,,,,,,,,,,,,,,,,,,,,,
,,,,,,,,,,,,,,,,,,,,,
,,,,,,,,,,,,,,,,,,,,,
,,,,,,,,,,,,,,,,,,,,,
,,,,,,,,,,,,,,,,,,,,,
,,,,,,,,,,,,,,,,,,,,,
,,,,,,,,,,,,,,,,,,,,,
,,,,,,,,,,,,,,,,,,,,,
,,,,,,,,,,,,,,,,,,,,,
,,,,,,,,,,,,,,,,,,,,,
,,,,,,,,,,,,,,,,,,,,,
,,,,,,,,,,,,,,,,,,,,,
,,,,,,,,,,,,,,,,,,,,,
,,,,,,,,,,,,,,,,,,,,,
,,,,,,,,,,,,,,,,,,,,,
,,,,,,,,,,,,,,,,,,,,,
,,,,,,,,,,,,,,,,,,,,,
,,,,,,,,,,,,,,,,,,,,,
,,,,,,,,,,,,,,,,,,,,,
,,,,,,,,,,,,,,,,,,,,,
,,,,,,,,,,,,,,,,,,,,,
,,,,,,,,,,,,,,,,,,,,,
,,,,,,,,,,,,,,,,,,,,,
,,,,,,,,,,,,,,,,,,,,,
,,,,,,,,,,,,,,,,,,,,,
,,,,,,,,,,,,,,,,,,,,,
,,,,,,,,,,,,,,,,,,,,,
,,,,,,,,,,,,,,,,,,,,,
,,,,,,,,,,,,,,,,,,,,,
,,,,,,,,,,,,,,,,,,,,,
,,,,,,,,,,,,,,,,,,,,,
,,,,,,,,,,,,,,,,,,,,,
,,,,,,,,,,,,,,,,,,,,,
,,,,,,,,,,,,,,,,,,,,,
,,,,,,,,,,,,,,,,,,,,,
,,,,,,,,,,,,,,,,,,,,,
,,,,,,,,,,,,,,,,,,,,,
,,,,,,,,,,,,,,,,,,,,,
,,,,,,,,,,,,,,,,,,,,,
,,,,,,,,,,,,,,,,,,,,,
,,,,,,,,,,,,,,,,,,,,,
,,,,,,,,,,,,,,,,,,,,,
,,,,,,,,,,,,,,,,,,,,,
,,,,,,,,,,,,,,,,,,,,,
,,,,,,,,,,,,,,,,,,,,,
,,,,,,,,,,,,,,,,,,,,,
,,,,,,,,,,,,,,,,,,,,,
,,,,,,,,,,,,,,,,,,,,,
,,,,,,,,,,,,,,,,,,,,,
,,,,,,,,,,,,,,,,,,,,,
,,,,,,,,,,,,,,,,,,,,,
蓬莱人形封面的少女（夹克子）1,,,,,,,,,,,,,0.018215191,,,,,,,,
蓬莱人形碟面的少女（Label子）1,,,,,,,,,,,,,0.007938696,,,,,,,,
