角色名,第1届,第2届,第3届,第4届,第5届,第6届,第7届,第8届,第9届,第10届,第11届
博丽灵梦,1,1,1,1,1,1,1,1,1,1,1
雾雨魔理沙,0.740238895,0.933506045,0.928999673,0.940375452,0.936144039,0.945934627,0.948842134,0.906442409,0.945014094,0.940068356,0.9460695
古明地恋,0.340462859,0.453670121,0.637513172,0.899159007,0.750928204,0.903071801,0.907145432,0.949786004,0.895175457,0.886627459,0.893860306
芙兰朵露・斯卡蕾特,0.93549832,0.760751295,0.712692126,0.669955998,0.719414001,0.562619092,0.640926293,0.595359664,0.655582336,0.842651723,0.847619793
古明地觉,0.430571109,0.505569948,0.548635587,0.729242065,0.635741445,0.686056494,0.834699946,0.832951644,0.790255593,0.74427441,0.812523053
蕾米莉亚・斯卡蕾特,0.83210153,0.887953368,0.882489735,0.760928997,0.853522702,0.800950646,0.865606416,0.802973419,0.761509866,0.775324075,0.780947165
十六夜D夜,0.782717432,0.721070812,0.837360561,0.86380087,0.891769179,0.865569445,0.775252298,0.863380387,0.854269646,0.808843181,0.750097801
琪露诺,0.550541247,0.42828152,0.397768976,0.474913427,0.558465668,0.585715183,0.527707695,0.513271512,0.560957011,0.664377867,0.721383303
东风谷早苗,0.484210526,0.558549223,0.522473747,0.589527951,0.533773205,0.610423603,0.616439899,0.773539571,0.706523959,0.689293962,0.695194876
魂魄妖梦,0.517245241,0.479490501,0.496529923,0.54050043,0.609214941,0.66023829,0.591998558,0.620250788,0.819831965,0.715835822,0.671566052
射命丸文,0.455991041,0.586571675,0.470695106,0.614757726,0.583784388,0.711958456,0.692174266,0.645310857,0.73364925,0.617212181,0.649222618
西行寺幽幽子,0.93549832,0.801381693,0.795501617,0.794959252,0.81856408,0.770462969,0.746778699,0.695581168,0.607391369,0.640102226,0.627136263
比那名居天子,0.321089959,0.325949914,0.354565604,0.418387273,0.427846119,0.465272107,0.547688773,0.551190119,0.498672331,0.509418973,0.605888205
爱丽丝・玛格特洛依德,0.657745427,0.681606218,0.672867992,0.641601791,0.662737643,0.635173901,0.666156064,0.720979126,0.583520569,0.594623888,0.585724345
藤原妹红,0.584695782,0.646977547,0.606991025,0.699247533,0.689868038,0.740100928,0.719363849,0.67040847,0.68047442,0.530024325,0.565649904
铃仙・优昙华院・因幡,0.360768944,0.360837651,0.33781476,0.455333663,0.510243793,0.520175053,0.568142909,0.531423637,0.5393058,0.55116544,0.545653705
八云紫,0.698768197,0.842659758,0.75393336,0.829119692,0.784477745,0.832610926,0.804311588,0.746790059,0.631398341,0.572355821,0.526775236
帕秋莉・诺蕾姬,0.6193729,0.614810017,0.576614222,0.495144114,0.489308879,0.501685617,0.471301135,0.495419733,0.447335812,0.488986052,0.508668
秦心,,0.531994819,0.420587915,0.564870987,0.448087676,0.539878971,0.508267255,0.571163088,0.518607786,0.470751609,0.490683716
蓬莱山辉夜,0.302575588,0.382685665,0.445078304,0.517483792,0.468441065,0.483468392,0.489187241,0.479032137,0.431798685,0.437891431,0.475549644
纯狐,,,,0.233603249,0.263050772,0.36256465,0.399801766,0.434543475,0.462941024,0.453576377,0.462338069
多多良小伞,0.175737215,0.168134715,0.141164929,0.225089176,0.201655111,0.248445254,0.255181114,0.335298093,0.417228373,0.362773655,0.449171203
宇佐见莲子,0.116722658,0.191493955,0.245703281,0.283672247,0.306799374,0.402077182,0.439741395,0.40739976,0.404210412,0.351146966,0.437122067
四季映姬・夜摩仙那度,0.239119074,0.269127807,0.267577486,0.341109694,0.333571908,0.375128253,0.454248513,0.358068028,0.379195773,0.386279521,0.42516235
依神紫苑,,,,,,,0.426293026,0.382058117,0.344676389,0.424097053,0.413605016
伊吹萃香,0.405785741,0.343307427,0.321499945,0.383940428,0.375978528,0.388508491,0.386758875,0.448941282,0.478968367,0.398405025,0.402394179
稗田阿求,0.111944756,0.150734024,0.178191199,0.163277528,0.193893983,0.208492996,0.210105424,0.188804625,0.179977396,0.231086615,0.391283937
风见幽香,0.381672266,0.404792746,0.375785764,0.435936157,0.392842764,0.431413196,0.386758875,0.394653852,0.39157373,0.374517351,0.380251936
矢诹访子,0.252594252,0.246157168,0.235202209,0.305595334,0.360993066,0.35021044,0.336366913,0.346636132,0.28149298,0.320897866,0.369421127
摩多罗隐岐奈,,,,,,0.305651528,0.336366913,0.291203634,0.312185955,0.33072636,0.358836219
红美铃,0.268533035,0.309283247,0.305621162,0.329002526,0.320129725,0.338568168,0.313660119,0.369687641,0.367376118,0.410887705,0.349201382
米斯蒂娅・萝蕾拉,0.056252333,0.070164076,0.051160932,0.084828287,0.086893312,0.092677513,0.100603712,0.086781048,0.078924793,0.270314376,0.339901863
键山雏,0.284882419,0.294170984,0.279277643,0.305595334,0.273562961,0.316288712,0.292958191,0.281254693,0.355869657,0.351146966,0.330948841
玛艾露贝莉・赫恩,0.066106756,0.134542314,0.171614404,0.209701357,0.217915455,0.327302804,0.348080735,0.312959904,0.322916241,0.278061397,0.322096415
露米娅,0.203658081,0.225431779,0.185640057,0.175697139,0.253567435,0.216156794,0.217178771,0.207914101,0.254612797,0.302731164,0.313456358
鬼人正邪,,0.110362694,0.291522837,0.368969198,0.347103556,0.416357811,0.412867183,0.335298093,0.33372823,0.311408073,0.304939251
莉莉霍瓦特,0.032736096,0.024050086,0.031648559,0.043820137,0.05168866,0.063069288,0.119098036,0.12180883,0.196903468,0.177220802,0.296433322
火焰猫,0.126502426,0.110362694,0.111006141,0.151196396,0.118899575,0.183617061,0.183433952,0.194961706,0.185492327,0.207876343,0.288687449
稀神探女,,,,0.354050043,0.409975397,0.447536487,0.360853307,0.301959754,0.291365388,0.294269791,0.288687449
丰聪耳神子,0.111944756,0.235233161,0.209222049,0.262530268,0.235070454,0.2849844,0.30284736,0.271493467,0.301564606,0.285968532,0.273285122
水桥帕露西,0.102538261,0.175259067,0.153119436,0.188637488,0.180541266,0.201687711,0.196386736,0.214634329,0.202717976,0.213517258,0.265975164
上白泽慧音,0.226427772,0.281476684,0.256604048,0.273075221,0.226459405,0.224134682,0.224454857,0.221692446,0.233642442,0.224848354,0.259414086
灵乌路空,0.214893617,0.208246978,0.217324952,0.202463093,0.187027511,0.256716293,0.231978735,0.182722631,0.227010907,0.256396835,0.252886539
八云蓝,0.184695782,0.199827288,0.193343265,0.182076184,0.147215388,0.131771259,0.14977924,0.138215197,0.164521971,0.202420174,0.24637017
本居小铃,,0.028713299,0.065695287,0.096935454,0.106016551,0.172456394,0.165637953,0.156386094,0.154989991,0.243649352,0.239887333
天弓千亦,,,,,,,,,,0.243649352,0.233583332
大妖精,0.050541247,0.063557858,0.06885651,0.077902466,0.13730709,0.136315095,0.1549153,0.142588977,0.132045154,0.191821905,0.227446992
饕餮尤魔,,,,,,,,,,0.092927302,0.22181363
茨木华扇,0.131840239,0.129490501,0.106609498,0.135209727,0.152382017,0.141173022,0.177306722,0.22906968,0.247232322,0.263023062,0.216224977
犬走,0.149197462,0.145207254,0.130482177,0.140443148,0.168597629,0.189459137,0.189786448,0.171009161,0.208600569,0.186852234,0.210658679
埴安神O姬,,,,,,,,0.463977324,0.271743127,0.256396835,0.205315927
八意永琳,0.149197462,0.183246978,0.201228153,0.24255995,0.244106464,0.240299851,0.203212291,0.165997147,0.191170663,0.197000955,0.200062593
圣白莲,0.193691676,0.257210708,0.225536863,0.317285911,0.284186983,0.265783027,0.283204181,0.244274666,0.262047742,0.219176648,0.194988096
哆来咪・苏伊特,,,,0.169422241,0.101834042,0.161546998,0.273517751,0.252383992,0.214564865,0.172559042,0.190058904
吉吊八千慧,,,,,,,,0.261882415,0.240328445,0.181968778,0.185297372
赫卡提亚・拉碧斯拉祖利,,,,0.115577889,0.076671885,0.110245618,0.111529104,0.129955699,0.100507918,0.163395634,0.180636436
魅魔,0.050541247,0.057556131,0.07539697,0.062072018,0.061574592,0.082919781,0.093890791,0.06776543,0.087816768,0.150783631,0.176087272
少名针妙丸,,0.124611399,0.165364631,0.252532091,0.20952807,0.275038214,0.26416922,0.236578315,0.220638098,0.167921914,0.171817542
河城荷取,0.093467712,0.119775475,0.120526144,0.130080454,0.114515768,0.114286911,0.14009281,0.161172849,0.145675885,0.158893987,0.167614875
赤蛮奇,,0.0667962,0.043530395,0.04853282,0.056542161,0.056117428,0.065574878,0.058511038,0.071122186,0.121353573,0.167614875
霍青娥,0.155543113,0.139723661,0.125431489,0.157210925,0.157660479,0.151098268,0.135587493,0.138215197,0.12338467,0.14290113,0.159388378
露娜切露德,0.014371034,0.015025907,0.013589622,0.022417788,0.028807873,0.038863413,0.068030276,0.073002703,0.062298296,0.073762971,0.155420434
神绮,0.080963046,0.085233161,0.093964609,0.125159476,0.142115858,0.195468727,0.160096414,0.110132903,0.119245067,0.114628814,0.151463668
豫母都日狭美,,,,,,,,,,,0.147540434
封兽w,0.168533035,0.161960276,0.135714545,0.195459161,0.174412883,0.177942501,0.171337178,0.146981529,0.136566036,0.146823906,0.143773682
宇佐见堇子,,,,0.106126487,0.123395214,0.156270285,0.239570193,0.182722631,0.127578741,0.124814484,0.140230476
森近霖之助,0.097909668,0.073834197,0.093964609,0.092483141,0.132565422,0.127269301,0.13126239,0.151655654,0.174557784,0.139187733,0.136698447
菅牧典,,,,,,,,,,0.108039536,0.136698447
物部布都,0.137327361,0.225431779,0.147087679,0.217069805,0.163073138,0.146051888,0.144688232,0.129955699,0.107575201,0.104812637,0.129701454
橙,0.126502426,0.097366149,0.102321863,0.074595777,0.080049206,0.071047176,0.081861597,0.080980628,0.076119667,0.117985036,0.126236489
日白残无,,,,,,,,,,,0.122782702
奥野田美宵,,,,,,,,,0.164521971,0.098716014,0.119395978
小恶魔,0.062672639,0.052202073,0.053922459,0.068164657,0.101834042,0.060640325,0.107812218,0.092994444,0.093998938,0.154829572,0.116020432
克劳恩皮丝,,,,0.400942537,0.294833371,0.240299851,0.247319337,0.201231416,0.169356047,0.131896419,0.112700772
因幡天为（因幡帝）,0.073422919,0.081390328,0.07539697,0.088421382,0.090360098,0.106413719,0.097202199,0.102905842,0.100507918,0.135535918,0.109436999
斯塔萨菲雅,0.021799179,0.019991364,0.017041532,0.025906736,0.026258108,0.032665368,0.051901243,0.052241328,0.056170595,0.071293531,0.109436999
暝瞒,0.043038447,0.046977547,0.078776207,0.051110475,0.067188548,0.076889252,0.081861597,0.080980628,0.11140161,0.078929704,0.103155353
饭纲丸龙,,,,,,,,,,0.087249438,0.100092772
堀川雷鼓,,0.161960276,0.120526144,0.120342646,0.086893312,0.118474779,0.123062714,0.117829254,0.119245067,0.092927302,0.097041367
永江衣玖,0.089137738,0.077590674,0.082191781,0.056395969,0.110221427,0.096027807,0.084767526,0.099526956,0.103789643,0.101721218,0.09400114
冈崎梦美,0.045315416,0.089205527,0.159223865,0.145806754,0.127957951,0.127269301,0.127140025,0.117829254,0.090880619,0.084422822,0.091050331
庭渡久鞲,,,,,,,,0.420952846,0.150292087,0.081657789,0.088300714
姬海棠果,0.06972751,0.039723661,0.048544748,0.059129846,0.054104227,0.068241305,0.058501532,0.065325124,0.068780043,0.068941097,0.085674047
八坂神奈子,0.077155655,0.093221071,0.0981069,0.101465879,0.070208007,0.0861235,0.104185439,0.106453672,0.141100535,0.111303384,0.083058558
桑尼米尔克,0.017655842,0.015889465,0.006867483,0.012185279,0.013061955,0.024729359,0.040435214,0.030597687,0.030965317,0.05349632,0.0804766
二岩l藏,0.02814483,0.101554404,0.062679408,0.11083917,0.073316931,0.089390037,0.090827176,0.089822045,0.081784387,0.058927857,0.077939352
村纱水蜜,0.038596491,0.049568221,0.048544748,0.065066264,0.059047193,0.065602948,0.076184898,0.062978675,0.073600501,0.076330942,0.075502699
秋穰子,0.021799179,0.022668394,0.035245812,0.036087172,0.035473049,0.05192956,0.037146333,0.038143865,0.039108351,0.0608369,0.073088401
娜兹玲,0.029600597,0.0167962,0.024054358,0.027182545,0.032744352,0.037272023,0.035569472,0.041410122,0.052398655,0.055257567,0.070685281
小野V小町,0.162000747,0.114982729,0.086043385,0.084828287,0.09391635,0.09941998,0.087786088,0.070374681,0.084766535,0.062782893,0.068416288
爱塔妮缇拉尔瓦,,,,,,0.079862638,0.054086322,0.041410122,0.034900663,0.034134926,0.066270245
秋静叶,0.02403882,0.028713299,0.037135279,0.037909756,0.041780362,0.049919384,0.049738692,0.048449467,0.04524967,0.050158574,0.064202443
幽谷响子,0.025382605,0.005569948,0.023000618,0.039862525,0.035473049,0.031178675,0.042147234,0.043099564,0.0486948,0.051802814,0.062201706
夹克子,,,,,,,,,,0.020716199,0.060323918
今泉影狼,,0.042055268,0.056792994,0.053714167,0.049452024,0.053960676,0.060799243,0.044845322,0.060214878,0.057043446,0.058502018
九十九弁弁,,0.037521589,0.028341993,0.034316661,0.028807873,0.044182005,0.047733826,0.060726085,0.066560453,0.048532808,0.056702471
依神女苑,,,,,,,0.119098036,0.096204385,0.058185928,0.066859624,0.054981166
清兰,,,,0.023537376,0.025095057,0.011495697,0.017232835,0.023032738,0.025041873,0.040188441,0.053293393
星熊勇仪,0.084994401,0.060535406,0.059699866,0.071315125,0.064303288,0.073936805,0.058501532,0.054249887,0.052398655,0.047005573,0.051695038
梅蒂欣・梅兰可莉,0.034565136,0.04447323,0.039170088,0.043820137,0.038403042,0.037272023,0.045841593,0.033413425,0.032245326,0.045564553,0.050107861
豪德寺三花,,,,,,,,,,0.128312344,0.050107861
绵月依姬,0.014371034,0.011917098,0.010973438,0.024709037,0.043524938,0.022530728,0.032573437,0.020404715,0.028527854,0.044129692,0.046955861
孙美天,,,,,,,,,,,0.045402215
天火人血枪,,,,,,,,,,,0.043937988
骊驹早鬼,,,,,,,,0.083852681,0.042063265,0.031831758,0.042496116
姬虫百百世,,,,,,,,,,0.098716014,0.041076598
绵月丰姬,0.01131019,0.009369603,0.007267178,0.016845887,0.014717066,0.014385326,0.018989908,0.018790359,0.021120144,0.038962958,0.039679435
露娜萨・普莉兹姆利巴,0.02403882,0.018825561,0.017041532,0.016012706,0.021963766,0.020478673,0.024869346,0.023032738,0.023925269,0.027613388,0.038382867
占卜师（易者）,,,,0.000702997,0.045381346,0.102854032,0.063164534,0.056333534,0.064395332,0.041450873,0.038382867
莉格露・奈特巴格,0.016013438,0.025518135,0.020965808,0.021376312,0.021963766,0.022530728,0.023743017,0.029321219,0.028527854,0.029688703,0.03592386
高丽野阿,,,,,,0.166991226,0.073414129,0.050326626,0.040579,0.03652431,0.034716711
蕾蒂・霍瓦特洛克,0.01866368,0.017746114,0.023000618,0.019501653,0.036859763,0.027200201,0.028541179,0.029321219,0.033566186,0.031831758,0.033531917
三头慧之子,,,,,,,,,,,0.033531917
若鹭姬,,0.032081174,0.029904437,0.029812274,0.020084992,0.029733861,0.03874572,0.038143865,0.037678554,0.042744096,0.031251746
宫出口瑞灵,,,,,,,,,0.000340428,0.014668843,0.031251746
宫古芳香,0.036543486,0.032081174,0.025435122,0.031244304,0.032744352,0.034173001,0.032573437,0.027031086,0.02972616,0.038962958,0.028993931
无名的读书妖怪,0.012803285,0.003367876,0.013589622,0.021376312,0.014717066,0.016730532,0.014146693,0.013853431,0.01816523,0.028647966,0.027909732
苏我屠自古,0.040798806,0.057556131,0.043530395,0.046137423,0.047304854,0.047951086,0.045841593,0.046628623,0.046951809,0.032952551,0.026836711
卡娜・安娜贝拉尔,0.007465472,0.004792746,0.01900367,0.017705106,0.01733393,0.019473585,0.023743017,0.018020724,0.01958141,0.023130215,0.025841931
萨丽爱尔,0.001530422,0.006865285,0.009156644,0.012185279,0.010601655,0.012165756,0.020792035,0.012614507,0.016776284,0.015253872,0.024869505
戎璎花,,,,,,,,0.036567052,0.01958141,0.064796625,0.023964143
杖刀偶磨弓,,,,,,,,0.075649497,0.054264199,0.03652431,0.023964143
Reisen,0.000933184,0.00164076,0.003706261,0.002890098,0.004450906,0.00316184,0.002725716,0.00319117,0.007244305,0.017735628,0.022287547
黑谷山女,0.01683464,0.013385147,0.01228153,0.01158643,0.007447998,0.01363151,0.017232835,0.013853431,0.020316734,0.019176648,0.022287547
人偶（含上海人偶、哥利亚人偶）,0.059350504,0.035578584,0.028341993,0.018590361,0.023999105,0.017568105,0.026018201,0.027031086,0.022890369,0.024842196,0.021482781
Label子,,,,,,,,,,0.005837978,0.019873249
爱莲,0.002538261,0.009369603,0.010973438,0.009867993,0.010601655,0.01363151,0.012051721,0.011488211,0.01816523,0.016454722,0.019157902
云居一轮,0.009294513,0.005569948,0.009738018,0.014398417,0.020084992,0.015934837,0.018989908,0.017288632,0.043601999,0.023130215,0.018464909
寅丸星,0.031093692,0.022668394,0.020965808,0.032728409,0.019167971,0.028456561,0.01489007,0.024891125,0.02618571,0.01844998,0.017794271
胡桃,0.001903695,0.006433506,0.004578322,0.005988492,0.008141355,0.008480432,0.010902865,0.006438654,0.008592399,0.025747452,0.017134809
矢田寺成美,,,,,,0.295286555,0.070710939,0.031968013,0.016095429,0.0170767,0.016486526
梅露兰・普莉兹姆利巴,0.010638298,0.007815199,0.005777406,0.008097482,0.011630508,0.010344033,0.010902865,0.010024028,0.010090281,0.012568895,0.015860597
梦子,0.002538261,0.001770294,0.006867483,0.004113833,0.006240215,0.007307829,0.009866643,0.008841418,0.009286872,0.009828494,0.015860597
丁礼田舞,,,,,,0.058336998,0.034015138,0.020404715,0.014801803,0.023943098,0.014631093
九十九八桥,,0.013385147,0.015152066,0.012836202,0.012256766,0.023577695,0.015655974,0.014491665,0.013031578,0.012094713,0.014038696
莉莉卡・普莉兹姆利巴,0.020754013,0.010535406,0.008611606,0.009373291,0.011093715,0.010344033,0.007951883,0.010474546,0.010961777,0.012568895,0.013457476
尔子田里乃,,,,,,0.04051762,0.028541179,0.015880763,0.012459659,0.01584506,0.013457476
留琴,0,0.000302245,0,0.000416591,0.002169537,0.001717026,0.002252658,0.002740652,0.003404278,0.003614866,0.012406809
幻月,0.017655842,0.011917098,0.019984739,0.014398417,0.02292552,0.018489436,0.029825194,0.021268208,0.01542819,0.013061551,0.011892653
驹草山如,,,,,,,,,,0.021516766,0.011389674
山城高岭,,,,,,,,,,0.013560366,0.010942582
毛玉,0.053191489,0.03380829,0.033429018,0.028484391,0.030105122,0.027200201,0.020792035,0.023933774,0.021991639,0.026677341,0.010506667
北白河千百合,0.006420306,0.008851468,0.008139239,0.00515531,0.005971818,0.008920158,0.005744278,0.009629824,0.007571115,0.01114635,0.010506667
里香,0.000821202,0.002115717,0.000908397,0.001432031,0.005166629,0.00410411,0.0071184,0.007846524,0.008932827,0.007580749,0.009724256
非想天则,0.009294513,0.001770294,0.001526107,0.003436873,0.004674569,0.005737379,0.003987205,0.008465986,0.011914975,0.007913292,0.009724256
小兔姬,0.000485256,0.000993092,0.0014171,0.003072357,0.005166629,0.00632368,0.007523878,0.00756495,0.005174503,0.01114635,0.008964199
铃瑚,,,,0.010388731,0.01733393,0.009380824,0.01146603,0.012032587,0.010961777,0.014108446,0.008964199
玉造魅须丸,,,,,,,,,,0.019934107,0.008226497
明罗,0.004180664,0.006865285,0.002252825,0.006951858,0.003802281,0.00410411,0.006735448,0.006720228,0.004425562,0.006940296,0.007868823
神玉,0.003060844,0.000431779,0.000472367,0.000963366,0.001185417,0.000502544,0.000765904,0.002121189,0.00292768,0.009403578,0.007522327
雪,0.003583427,0.000734024,0.005159696,0.004113833,0.001520913,0.004522897,0.003987205,0.008146869,0.008251971,0.005585491,0.007187007
朝仓理香子,0.001530422,0.000906736,0.000835725,0.005415679,0.004003579,0.003915656,0.004437737,0.005612705,0.007571115,0.006367583,0.006862866
玄爷,0.003322135,0.002288428,0.001526107,0.001900695,0.008901812,0.002680235,0.002883402,0.00437378,0.005433228,0.008990978,0.006862866
蕾拉・普莉兹姆利巴,0.007465472,0.002288428,0.005450383,0.005415679,0.009707001,0.010867517,0.008402415,0.010024028,0.006590683,0.004692552,0.006281646
坂田合欢,,,,,,0.046045606,0.012727518,0.005349902,0.011424759,0.007254365,0.006281646
抗抑郁药大叔,,,,,,,,,,0.008621486,0.006002213
魂魄妖忌,0.02814483,0.015025907,0.012935576,0.016012706,0.016461642,0.015934837,0.013425842,0.016575312,0.01420265,0.010259568,0.005443348
舞,0.00593505,0.002720207,0.004869009,0.002525581,0.003064191,0.008061645,0.004933321,0.001051209,0.004207688,0.005345321,0.005175092
苏格拉底,,,,0.000364517,0.000514426,0.002031116,0.001531808,0.000657006,0.002056184,0.003448594,0.004929192
牛崎润美,,,,,,,,0.011488211,0.004657053,0.004304585,0.004929192
艾丽,0.005188503,0.004447323,0.008139239,0.007316375,0.00928204,0.008061645,0.005181114,0.007283376,0.008932827,0.00826431,0.004504454
咪咪号,0,0.000345423,0.000399695,0.00135392,0.002437933,0.002387085,0.000292846,0.000187716,0.000503833,0.002247745,0.00431444
水獭灵,,,,,,,,,,0.006638544,0.00431444
矜羯罗,0.005188503,0.001165803,0.002252825,0.008488036,0.006508611,0.005192956,0.003784466,0.005875507,0.00627749,0.003781137,0.004135603
UFO,0.00593505,0.001252159,0.002797863,0.005988492,0.003220756,0.002387085,0.002252658,0.003040997,0.009668151,0.006367583,0.003777929
假扮魔理沙的妖狐,,,,,,,0.005451433,0.003960805,0.00627749,0.001582658,0.003777929
梦月,0.003583427,0.00082038,0.001308092,0.004894941,0.005703422,0.00695186,0.008875473,0.007846524,0.005705571,0.003947409,0.00344261
妖精（含持花妖精，僵尸妖精）,0.004180664,0.004145078,0.003706261,0.002525581,0.004674569,0.005192956,0.00605965,0.004167292,0.002628103,0.004119839,0.00344261
邪眼西格玛,0,0,0,0,0.000559159,0.000481605,0.001261489,0.001501727,0.000953198,0.002247745,0.003129646
茨木童子之臂,,,,,,,,0.004824298,0.002328526,0.001305539,0.003129646
依莉斯,0.00070922,0.004145078,0.001816794,0.003254615,0.003399687,0.002826811,0.003198775,0.00319117,0.002056184,0.002001416,0.002839036
求闻史纪中的受访人群,,0.00388601,0.002107482,0.001900695,0.002907627,0.001633268,0.001869706,0.002440306,0.000694473,0.001582658,0.002839036
大鲶鱼,0.012803285,0.002936097,0.001962138,0.008488036,0.007134869,0.004732291,0.009866643,0.007001802,0.004425562,0.003947409,0.002704908
琪斯美,0.01131019,0.009930915,0.014352676,0.006613378,0.007447998,0.004732291,0.006735448,0.00437378,0.005433228,0.004901931,0.00257078
菊理,0.001381112,0.000388601,0.000472367,0.000963366,0.001118318,0.001319178,0.000337899,0.002027331,0.003077468,0.00264187,0.002302525
正直者,,,,,,,,,,0.004495489,0.002302525
秦河胜,,,,0.001640326,0.001252516,0.002135813,0.003041088,0.002890824,0.003771941,0.002506389,0.002179575
云山,0.001231803,0.003151986,0.002979543,0.006613378,0.006508611,0.005737379,0.005181114,0.00354783,0.002328526,0.00294978,0.002056624
露易兹,0.000223964,0.000172712,0.000363359,0.000312443,0.003220756,0.002826811,0.001982339,0.002215047,0.003077468,0.001490285,0.001810724
幽幻魔眼,,,,,,,,,,0.00168119,0.001810724
阴阳玉,0.008025383,0.007815199,7.27E-05,0.002213138,0.002437933,0.00316184,0.001757073,0.001276468,0.003404278,0.005117468,0.001587177
小丑,,,,,,,,,,0.001890569,0.001587177
Flower～战车,0.000111982,0,0,0,0,0.000837574,0.000315372,0.000206487,0.000272342,0.001305539,0.001385986
龙神,0.002090332,0.003367876,0.003197558,0.004634572,0.007783494,0.003727202,0.003198775,0.004824298,0.002777891,0.002506389,0.001385986
玛○奇,0,0.000259067,0.000763054,0.000390554,0.000223664,0,0.000270319,0.000168944,0.000258725,0.000234012,0.001207149
嫦娥,,,,,0.000782823,0.00695186,0.00256803,0.001839616,0.003581301,0.00294978,0.001207149
奥莲姬,0.000149309,0.000215889,0.000690382,0.001275809,0.00024603,0.000879452,0.001982339,0.0016519,0.001361711,0.000972996,0.001073021
岩笠,0,0,0.000327023,0.001197698,0.004003579,0.002135813,0.001193909,0.000657006,0.000953198,0.000578871,0.001073021
野铁炮,,,,5.21E-05,0,0.000188454,0,0,0,0.000812883,0.001017135
管狐,,,0,0.000130185,0.00098412,0.000293151,0,0,0.000422131,0.003282323,0.000961248
月夜见,0.000261292,0.000647668,0.001199084,0.000911292,0.001431447,0.001717026,0.001531808,0.000938579,0.000231491,0.000578871,0.000849475
狸猫,,,0.002616184,0.000650923,0.000335495,0.000670059,6.76E-05,0.00011263,0.000394896,0.000215537,0.000849475
萨拉,0.000186637,0,0,0.00033848,0.001051219,0.000460665,0.000720851,0.000150173,0.000245108,0.00030791,0.000804766
酒吧“Old Adam”的客人,,,,,,,,,,0.001046895,0.000760057
酒虫,,,,0.000182258,0.000178931,0.000795695,0.000180213,0.000882265,0.000449365,0.000289436,0.000715348
命莲,0.004852557,0.000474957,0.005450383,0.008904627,0.00928204,0.00632368,0.003378987,0.002215047,0.001688522,0.001890569,0.000670638
大鹫灵,,,,,,,,,,0.000110848,0.000625929
万岁乐,,,,0.000104148,0.000648624,0,0.001058749,0.001933473,0.001089369,0.000270961,0.00058122
河童（含山童）,,,0.000145344,0.00236936,0.002169537,0.001193542,0.000540638,0.00035666,0.001688522,0.001219324,0.000491801
地精,,,,,0,0.000167515,0,9.39E-05,0.000108937,8.62E-05,0.000491801
座敷童子,,,0,0.000598849,0.002057705,0.000146575,0,0,0.000653621,0.000763617,0.00045827
沓颊,,,0,0,8.95E-05,0,0,0,0,0,0.000391206
杀死大老爷的侍童,,,,,0,8.38E-05,4.51E-05,0.001201382,6.81E-05,0.000326385,0.000391206
饿神,,,,,,0,0,0,0,0,0.000368851
怨灵,,,,0,0,0,0.000585691,0.000394203,0.000122554,0.000468024,0.000346496
百鬼夜行绘卷妖怪（黑鬼）,,,,,,6.28E-05,0,5.63E-05,0,0.000252486,0.000324142
幽灵,0.000933184,0.001511226,0.00061771,0,4.47E-05,0.000711938,9.01E-05,0.001351554,0.001089369,0.000665086,0.000301787
野狼灵,,,,,,,,,,0.000862149,0.000279433
鲵吞亭店主,,,,,,,,,,4.31E-05,0.000257078
伊豆能卖,,,,0,0,0.000376908,0.000675797,0,0.000217874,4.93E-05,0.000234723
酒吧“Old Adam”的老板,,,,,,,,,,0.000197063,0.000212369
雷兽（务光）,,,,0.000807145,0.000156565,0,0,0.000131401,0,6.16E-05,0.00016766
卖脚婆,,,,,,0,0,0,0,1.85E-05,0.00016766
烟烟罗,,0,0,0,0,0,0,0,0.000163405,0.000147797,0.000156482
石长姬,0.000485256,0,0,0,0,0.000439726,0,0.000581919,0.000735324,0,0.000145305
卓柏卡布拉,,0,0,0,0.000111832,0.000251272,0,0.00082595,0.00089873,0.000326385,0.000134128
八尺大人,,,,0.000494701,0.000648624,0.000879452,0,0,0,0.000468024,0.00012295
木花D耶姬,0.000298619,0.001252159,0.002979543,0.000859218,0.001610378,0.000418787,0.000247792,0.001051209,0.000531067,0.000437233,0.000111773
竹扫帚付丧神,,,,,0,0,0,0,8.17E-05,0,0.000100596
鲵吞亭的常客,,,,,,,,,,0.000665086,8.94E-05
彭祖,,,,0.000468665,0,0,0.000360425,0.000994894,0.000735324,0.00037565,7.82E-05
久米 / 竿打,0,0.000474957,0,0.000156222,0.000134198,0,0.001126329,0,0,3.08E-05,6.71E-05
导航,,,,,0,0.001005088,0.000450532,0.000281574,4.09E-05,0.000541922,5.59E-05
天宇受卖命,,,,0.000260369,0.000201297,0,0,0,0,5.54E-05,4.47E-05
绿巨人,,,,0.003436873,0.001252516,0.000502544,0.00085601,0.000619462,0.000285959,0.000972996,3.35E-05
野槌,0,0,0,0.000208295,0,0.000335029,0.000202739,0.000544376,0.000476599,0.000123164,2.24E-05
运松翁,0.000335946,0,0.000218015,0.000494701,0,0.00031409,0,0.000506833,0.000177022,0,0
水鬼鬼神长,0,0.000129534,0,0,0,0,0,0,0,8.62E-05,0
怨灵少女,,,0.000109008,0,0.000380228,0.000230333,0.000157686,0,0,2.46E-05,0
白仙和尚,,,0,0,0,0.000753816,0.000112633,0,0.000136171,8.01E-05,0
天照大御神,,,,0.000286406,0,0,0.000225266,0,0,3.69E-05,0
石凝老命,,,,0,0,0.000397847,0,0,0,0,0
黄帝,,,,0.001432031,0.000603892,0.001381996,0.000810957,0.0016519,0.001171072,0.000862149,0
尼西号,,,,0,0.001610378,0,0.000360425,0,0.000285959,6.77E-05,0
阿菊,,,,0.001640326,0.00024603,0.001381996,0.00085601,0.000206487,0.000531067,0.00013548,0
火雷神,,,,0,0,0,0,0,0,0,0
盐家老板,,,,,0,0.000125636,0,0,0,0.000160113,0
妖怪兔,,,,,0.001834042,0.001130724,0.00099117,0.000319117,0.001579585,0.000160113,0
马凭,,,,,0,0.000104697,0,0,9.53E-05,0,0
大老爷,,,,,0,0.00062818,0,0,0,0.00037565,0
兜风四人组,,,,,0,0.000586301,0.000495585,7.51E-05,5.45E-05,1.23E-05,0
袈裟罗婆娑罗,,,,,,4.19E-05,0,0,2.72E-05,0,0
睡鼠,,,,,,0,0,3.75E-05,0,7.39E-05,0
v天上人,,,,,,,,,,0,0
